titre,prix,ville,quartier,surface_m2,chambres,sdb,etage,annee_construction,lien
Auto Neuf,,,,,,,,,https://www.moteur.ma/fr/neuf/voiture/?utm_source=avito&utm_medium=header
Immo Neuf,,,,,,,,,https://immoneuf.avito.ma/fr/
Boutiques,,,,,,,,,https://www.avito.ma/fr/boutiques/maroc/
Avito Immobilier,,,,,,,,,https://www.avito.ma/fr/maroc/immobilier
Ventes Immobilières,,,,,,,,,https://www.avito.ma/fr/maroc/ventes_immobilieres-%C3%A0_vendre
REAL ESTATE MAR GOLD,"2
1 150 000 ",,,51.0,1.0,1.0,,,https://www.avito.ma/fr/hivernage/appartements/Studio_vue_piscine_%C3%A0_vendre_51_m%C2%B2_%C3%A0_Marrakech_57774591.htm
IMMO GLOBAL BUSINESS,,,,48.0,1.0,1.0,,,https://www.avito.ma/fr/gu%C3%A9liz/appartements/Appartement_%C3%A0_vendre_48m%C2%B2_%C3%A0_Marrakech_53715307.htm
NORTH MOROCCO IMMO,,,,130.0,2.0,2.0,,,https://www.avito.ma/fr/manar/appartements/Appartement_%C3%A0_vendre_CAP_TINGIS_57826816.htm
IMMOPEDIA ADVISORY BROKERAGE,"4
2 310 000 ",,,,2.0,3.0,,,https://www.avito.ma/fr/centre_ville/appartements/ALESIA_MOULAY_DRISS_1ER_57719971.htm
Signature Immo,"5
1 350 000 ",,,50.0,1.0,1.0,,,https://www.avito.ma/fr/gu%C3%A9liz/appartements/Magnifique_Studio_de_50_m%C2%B2_au_c_ur_de_Gu%C3%A9liz_57634615.htm
Rana Immobilier,"7
3 200 000 ",,,117.0,3.0,2.0,,,https://www.avito.ma/fr/hay_riad/appartements/Appartement_%C3%A0_vendre_117_m%C2%B2_%C3%A0_Rabat_57838535.htm
Mirouche Nourddine,"1
31 ",,,63.0,2.0,1.0,,,https://www.avito.ma/fr/andalous/appartements/Appartement_2_fa%C3%A7ades__1er_%C3%A9tage__Immeuble_Kenzi__Quartier_Andalous_57838550.htm
Immo neuf,1 143 300 ,,,103.0,,,,,https://immoneuf.avito.ma/fr/unite/hP3?utm_source=avito_integration&utm_medium=listing_integration
Yakeey,"3
900 000 ",,,80.0,2.0,2.0,,,https://www.avito.ma/fr/bouskoura/appartements/175015_Vente_Appt_%C3%A0_Bouskoura_Bouskoura_de_80_m%C2%B2_57651971.htm
Agence Immobiliere Arena,"3
350 000 ",,,62.0,2.0,2.0,,,https://www.avito.ma/fr/ksar_el_kebir/appartements/Appartement_%C3%A0_vendre_62_m%C2%B2_%C3%A0_Ksar_el_Kebir_57838539.htm
Tanger Estates,"1
380 000 ",,,50.0,2.0,1.0,,,https://www.avito.ma/fr/mghogha/appartements/Appartement_%C3%A0_vendre_50_m%C2%B2_%C3%A0_Tanger_53451108.htm
Tanger Estates,"1
1 200 000 ",,,,2.0,2.0,,,https://www.avito.ma/fr/ahlane/appartements/Opportunit%C3%A9_%C3%A0_Ahlane_Appartement_spacieux_%C3%A0_vendre_57557228.htm
Immo neuf,2 750 000 ,,,205.0,,,,,https://immoneuf.avito.ma/fr/unite/jHs?utm_source=avito_integration&utm_medium=listing_integration
Tanger Estates,"3
850 000 ",,,118.0,3.0,1.0,,,https://www.avito.ma/fr/ain_el_hayani/appartements/Appartement_%C3%A0_vendre_de_118_m%C2%B2_%C3%A0_Ain_El_Hayani_55311987.htm
Tanger Estates,"1
1 050 800 ",,,71.0,2.0,1.0,,,https://www.avito.ma/fr/tanja_balia/appartements/Appartement_%C3%A0_vendre_de_71_m%C2%B2_Haut_Standing_56603707.htm
Tanger Estates,"2
380 000 ",,,50.0,2.0,1.0,,,https://www.avito.ma/fr/autre_secteur/appartements/Vente_Appartement_%C3%A0_proximit%C3%A9_de_la_gare_routi%C3%A8re_53297845.htm
Tanger Estates,,,,85.0,2.0,2.0,,,https://www.avito.ma/fr/autre_secteur/appartements/Appartements_%C3%A0_vendre_moyen_standing_plus_%C3%A0_Tanger_56519492.htm
Immo neuf,9 900 ,,,120.0,,,,,https://immoneuf.avito.ma/fr/unite/47a?utm_source=avito_integration&utm_medium=listing_integration
Tanger Estates,"1
3 480 000 ",,,,3.0,2.0,,,https://www.avito.ma/fr/centre_ville/appartements/Appartements_Neufs_de_Luxe_%C3%A0_Vendre_%C3%A0_Tanger_57344924.htm
Logic Immo,"5
1 050 000 ",,,78.0,2.0,2.0,,,https://www.avito.ma/fr/oulfa/appartements/Appart_78m_A_Mazola_Proche_CFC_57742070.htm
JCM IMMOBILIER,"3
1 500 000 ",,,89.0,2.0,2.0,,,https://www.avito.ma/fr/semlalia/appartements/Appartement_de_standing_%C3%A0_vendre_%C3%A0_Marrakech_57813976.htm
Tanger Estates,"6
3 200 000 ",,,234.0,3.0,2.0,,,https://www.avito.ma/fr/centre_ville/appartements/Appartement_%C3%A0_vendre_de_234_m%C2%B2_au_centre_ville__55228019.htm
Immo neuf,475 000 ,,,70.0,,,,,https://immoneuf.avito.ma/fr/unite/7ji?utm_source=avito_integration&utm_medium=listing_integration
ALAOUI NOUACEUR IMMOBILIER,520 000 ,,,84.0,2.0,1.0,,,https://www.avito.ma/fr/deroua/appartements/Appartement_84m%C2%B2_%C3%A0_vendre__fiha_da3m__%C3%A0_Deroua_55850707.htm
Tanger Estates,,,,,1.0,1.0,,,https://www.avito.ma/fr/m_nar/appartements/Luxe_appartement_%C3%A0_vendre_avec_vue_sur_mer_%C3%A0_M_nar_55815795.htm
Estate Tanger,"3
1 950 000 ",,,150.0,3.0,2.0,,,https://www.avito.ma/fr/centre_ville/appartements/Appartement_3_chambres_ascenseur_syndic_sur_le_boulevard_57838530.htm
Tanger Estates,,,,99.0,2.0,3.0,,,https://www.avito.ma/fr/iberie/appartements/Duplex_de_luxe_%C3%A0_vendre_de_99m%C2%B2_%C3%A0_Tanger_55571497.htm
Immo neuf,400 000 ,,,72.0,,,,,https://immoneuf.avito.ma/fr/unite/471?utm_source=avito_integration&utm_medium=listing_integration
habit immobilier,"5
950 000 ",,,105.0,2.0,2.0,,,https://www.avito.ma/fr/belv%C3%A9d%C3%A8re/appartements/%C3%80_vendre_un_bel_appartement_56460277.htm
AGENZ.MA,"4
1 800 000 ",,,129.0,2.0,2.0,,,https://www.avito.ma/fr/val_fleuri/appartements/CMN_MA_1139___Appartement_%C3%A0_vendre_%C3%A0_Val_Fleurie_57319442.htm
SM IMMOBILIER,,,,75.0,2.0,2.0,,,https://www.avito.ma/fr/sidi_maarouf/appartements/Appartement_%C3%A0_Vendre_75_m%C2%B2_Casablanca_Sidi_Maarouf_55770730.htm
Tanger Estates,,,,,2.0,2.0,,,https://www.avito.ma/fr/m_nar/appartements/Appartement_%C3%A0_vendre_avec_vue_panoramique_sur_mer_55815874.htm
Immo neuf,1 212 500 ,,,97.0,,,,,https://immoneuf.avito.ma/fr/unite/4jj?utm_source=avito_integration&utm_medium=listing_integration
k&k immobilier marrakech,"1
960 000 ",,,60.0,1.0,1.0,,,https://www.avito.ma/fr/route_de_casablanca/appartements/PROJET_NEUF_DE_HAUT_STANDING_PR%C3%88S_DE_LA_PALMERAIE_57507349.htm
Tanger Estates,,,,131.0,3.0,3.0,,,https://www.avito.ma/fr/iberie/appartements/Luxe_appartement_%C3%A0_vendre_de_131_m%C2%B2_%C3%A0_Tanger_55571380.htm
Tanger Estates,"9
1 950 000 ",,,151.0,3.0,2.0,,,https://www.avito.ma/fr/drissia/appartements/Appartement_151_m%C2%B2_%C3%A0_vendre___Drissia__Tanger_56956227.htm
PROMOTION,"4
950 000 ",,,78.0,2.0,2.0,,,https://www.avito.ma/fr/ain_sebaa/appartements/28__Confort_et_Qualit%C3%A9_Ain_Sebaa_57120970.htm
Immo neuf,870 000 ,,,87.0,,,,,https://immoneuf.avito.ma/fr/unite/joU?utm_source=avito_integration&utm_medium=listing_integration
LE 25 IMMOBILIER,989 000 ,,,,1.0,,,,https://www.avito.ma/fr/gu%C3%A9liz/appartements/Studio_Neuf_Au_C_ur_De_Gu%C3%A9liz_57766011.htm
Tanger Estates,"2
380 000 ",,,50.0,2.0,1.0,,,https://www.avito.ma/fr/aouama_gharbia/appartements/Nouveaux_appartement_%C3%A0_vendre_de_50_m%C2%B2_%C3%A0_Tanger_53330018.htm
Badr,"1
750 000 ",,,85.0,3.0,1.0,,,https://www.avito.ma/fr/autre_secteur/appartements/Appartement_socoma_85_m%C2%B2_quartier_pi%C3%A8ces_56266239.htm
Tanger Estates,"3
2 016 000 ",,,144.0,3.0,2.0,,,https://www.avito.ma/fr/tanja_balia/appartements/Spacieux_Appartement_%C3%A0_vendre_de_144_m%C2%B2_%C3%A0_Tanger_55775660.htm
Immo neuf,925 000 ,,,35.0,,,,,https://immoneuf.avito.ma/fr/unite/oJB?utm_source=avito_integration&utm_medium=listing_integration
Mohamed,,,,160.0,4.0,2.0,,,https://www.avito.ma/fr/m_hamid/appartements/Appartement_%C3%A0_vendre_160_m%C2%B2_%C3%A0_Marrakech_57263622.htm
PROMOTION,"1
720 000 ",,,75.0,2.0,1.0,,,https://www.avito.ma/fr/autre_secteur/appartements/Appartement_%C3%A0_vendre_75_m%C2%B2_%C3%A0_Marrakech_55643174.htm
DUKE REALTY,"4
1 550 000 ",,,100.0,2.0,2.0,,,https://www.avito.ma/fr/agdal/appartements/Appartement_%C3%A0_vendre_100_m%C2%B2_%C3%A0_Agdal_56807155.htm
Immo neuf,1 630 000 ,,,89.0,,,,,https://immoneuf.avito.ma/fr/unite/yur?utm_source=avito_integration&utm_medium=listing_integration
1,,,,,,,,,https://www.avito.ma/fr/maroc/appartements-%C3%A0_vendre?o=1
2,,,,,,,,,https://www.avito.ma/fr/maroc/appartements-%C3%A0_vendre?o=2
3,,,,,,,,,https://www.avito.ma/fr/maroc/appartements-%C3%A0_vendre?o=3
4,,,,,,,,,https://www.avito.ma/fr/maroc/appartements-%C3%A0_vendre?o=4
5,,,,,,,,,https://www.avito.ma/fr/maroc/appartements-%C3%A0_vendre?o=5
6,,,,,,,,,https://www.avito.ma/fr/maroc/appartements-%C3%A0_vendre?o=6
7,,,,,,,,,https://www.avito.ma/fr/maroc/appartements-%C3%A0_vendre?o=7
8,,,,,,,,,https://www.avito.ma/fr/maroc/appartements-%C3%A0_vendre?o=8
casablanca,,,,,,,,,https://www.avito.ma/fr/casablanca/
agadir,,,,,,,,,https://www.avito.ma/fr/agadir/
essaouira,,,,,,,,,https://www.avito.ma/fr/essaouira/
tanger,,,,,,,,,https://www.avito.ma/fr/tanger/
nador,,,,,,,,,https://www.avito.ma/fr/nador/
dakhla,,,,,,,,,https://www.avito.ma/fr/dakhla/
appartement a louer,,,,,,,,,https://www.avito.ma/fr/casablanca/appartements-%C3%A0_louer
Casablanca,,,,,,,,,https://www.avito.ma/fr/casablanca
Agadir,,,,,,,,,https://www.avito.ma/fr/agadir
Rabat,,,,,,,,,https://www.avito.ma/fr/rabat
Al Hoceïma,,,,,,,,,https://www.avito.ma/fr/al_hoceima
Marrakech,,,,,,,,,https://www.avito.ma/fr/marrakech
Meknès,,,,,,,,,https://www.avito.ma/fr/meknes
Nador,,,,,,,,,https://www.avito.ma/fr/nador
Tanger,,,,,,,,,https://www.avito.ma/fr/tanger
Béni Mellal,,,,,,,,,https://www.avito.ma/fr/beni_mellal
El Jadida,,,,,,,,,https://www.avito.ma/fr/el_jadida
Errachidia,,,,,,,,,https://www.avito.ma/fr/errachidia
Fès,,,,,,,,,https://www.avito.ma/fr/fes
Kénitra,,,,,,,,,https://www.avito.ma/fr/kenitra
Oujda,,,,,,,,,https://www.avito.ma/fr/oujda
khénifra,,,,,,,,,https://www.avito.ma/fr/khenifra
Khouribga,,,,,,,,,https://www.avito.ma/fr/khouribga
Larache,,,,,,,,,https://www.avito.ma/fr/larache
Ouarzazate,,,,,,,,,https://www.avito.ma/fr/ouarzazate
Safi,,,,,,,,,https://www.avito.ma/fr/safi
Taza,,,,,,,,,https://www.avito.ma/fr/taza
Tétouan,,,,,,,,,https://www.avito.ma/fr/tetouan
Settat,,,,,,,,,https://www.avito.ma/fr/settat
Salé,,,,,,,,,https://www.avito.ma/fr/sale
VOITURES,,,,,,,,,https://www.avito.ma/fr/maroc/voitures
Voitures d'occasion,,,,,,,,,https://www.avito.ma/fr/maroc/voitures_d_occasion-%C3%A0_vendre
Voitures de location,,,,,,,,,https://www.avito.ma/fr/maroc/location_de_voitures-%C3%A0_louer
Voitures de Leasing,,,,,,,,,https://www.avito.ma/fr/maroc/voitures_de_leasing-%C3%A0_louer
MOTOS,,,,,,,,,https://www.avito.ma/fr/maroc/motos-%C3%A0_vendre
VÉLOS,,,,,,,,,https://www.avito.ma/fr/maroc/v%C3%A9los-%C3%A0_vendre
PIÈCES ET ACCESSOIRES POUR VÉHICULES,,,,,,,,,https://www.avito.ma/fr/maroc/pi%C3%A8ces_et_accessoires_v%C3%A9hicules-%C3%A0_vendre
CAMIONS ET ENGINS,,,,,,,,,https://www.avito.ma/fr/maroc/camions_et_engins
Camions,,,,,,,,,https://www.avito.ma/fr/maroc/camions
Remorques et caravanes,,,,,,,,,https://www.avito.ma/fr/maroc/remorques_et_caravans
Fourgon et Minibus,,,,,,,,,https://www.avito.ma/fr/maroc/fourgon_et_minibus
Véhicules Frigorifiques,,,,,,,,,https://www.avito.ma/fr/maroc/vehicules_frigorifiques
Engins BTP,,,,,,,,,https://www.avito.ma/fr/maroc/engins_btp
Engins agricoles,,,,,,,,,https://www.avito.ma/fr/maroc/engins_agricole
BATEAUX,,,,,,,,,https://www.avito.ma/fr/maroc/bateaux-%C3%A0_vendre
AUTRES VÉHICULES,,,,,,,,,https://www.avito.ma/fr/maroc/v%C3%A9hicules_autres-%C3%A0_vendre
Appartement à vendre,,,,,,,,,https://www.avito.ma/fr/maroc/appartements-%C3%A0_vendre
Maisons à vendre,,,,,,,,,https://www.avito.ma/fr/maroc/maisons-%C3%A0_vendre
Villas-Riad à vendre,,,,,,,,,https://www.avito.ma/fr/maroc/villas_riad-%C3%A0_vendre
Bureaux à vendre,,,,,,,,,https://www.avito.ma/fr/maroc/bureaux_et_plateaux-%C3%A0_vendre
Local à vendre,,,,,,,,,https://www.avito.ma/fr/maroc/magasins_et_commerces-%C3%A0_vendre
Terrains et fermes à vendre,,,,,,,,,https://www.avito.ma/fr/maroc/terrains_et_fermes-%C3%A0_vendre
Autre Immobilier à vendre,,,,,,,,,https://www.avito.ma/fr/maroc/autres_immobilier-%C3%A0_vendre
LOCATIONS IMMOBILIÈRES,,,,,,,,,https://www.avito.ma/fr/maroc/locations_immobilieres-%C3%A0_louer
Appartement à louer,,,,,,,,,https://www.avito.ma/fr/maroc/appartements-%C3%A0_louer
Maisons à louer,,,,,,,,,https://www.avito.ma/fr/maroc/maisons-%C3%A0_louer
Villas-Riad à louer,,,,,,,,,https://www.avito.ma/fr/maroc/villas_riad-%C3%A0_louer
Bureaux à louer,,,,,,,,,https://www.avito.ma/fr/maroc/bureaux_et_plateaux-%C3%A0_louer
Local à louer,,,,,,,,,https://www.avito.ma/fr/maroc/magasins_et_commerces-%C3%A0_louer
Terrains et fermes à louer,,,,,,,,,https://www.avito.ma/fr/maroc/terrains_et_fermes-%C3%A0_louer
Autre Immobilier à louer,,,,,,,,,https://www.avito.ma/fr/maroc/autres_immobilier-%C3%A0_louer
COLOCATIONS IMMOBILIÈRES,,,,,,,,,https://www.avito.ma/fr/maroc/colocations-colocation
Appartement colocation,,,,,,,,,https://www.avito.ma/fr/maroc/appartement_colocation-colocation
Maisons colocation,,,,,,,,,https://www.avito.ma/fr/maroc/maisons_colocation-colocation
Villas-Riad colocation,,,,,,,,,https://www.avito.ma/fr/maroc/villas_riad_colocation-colocation
LOCATION DE VACANCES - JOURNALIÈRE,,,,,,,,,https://www.avito.ma/fr/maroc/locations_de_vacances-location_de_vacances
Appartement location de vacances,,,,,,,,,https://www.avito.ma/fr/maroc/appartement_location_de_vacances-location_de_vacances
Maison location de vacances,,,,,,,,,https://www.avito.ma/fr/maroc/maisons_location_de_vacances-location_de_vacances
Villas-Riad location de vacances,,,,,,,,,https://www.avito.ma/fr/maroc/villas_riad_location_de_vacances-location_de_vacances
EMPLOI,,,,,,,,,https://www.avito.ma/fr/maroc/emploi
Centre d'appels,,,,,,,,,https://www.avito.ma/fr/maroc/centre_appels
Cadres,,,,,,,,,https://www.avito.ma/fr/maroc/offres_emploi_cadres
Métiers IT,,,,,,,,,https://www.avito.ma/fr/maroc/metiers_it
Administratif,,,,,,,,,https://www.avito.ma/fr/maroc/administratifs
Commercial,,,,,,,,,https://www.avito.ma/fr/maroc/commercial
Autres Emploi,,,,,,,,,https://www.avito.ma/fr/maroc/autres_emploi
SERVICES,,,,,,,,,https://www.avito.ma/fr/maroc/services
"Femmes de ménage, Nounous",,,,,,,,,https://www.avito.ma/fr/maroc/femmes_de_menage_nounous
Gardiennage et Sécurité,,,,,,,,,https://www.avito.ma/fr/maroc/gardiennage_et_securite
"Rénovation, Bricolage, Travaux de maison et jardin",,,,,,,,,https://www.avito.ma/fr/maroc/renovation_bricolage_travaux_de_maison_et_jardin
"Chauffeur, Déménagement, Transport de marchandise",,,,,,,,,https://www.avito.ma/fr/maroc/chauffeur_demenagement_transport_de_marchandise
"Cuisinières, Serveur, Barman",,,,,,,,,https://www.avito.ma/fr/maroc/cuisinieres_serveur_barman
Coiffure et Esthétique,,,,,,,,,https://www.avito.ma/fr/maroc/coiffure_et_esthetique
Infirmier et Kinésithérapeute,,,,,,,,,https://www.avito.ma/fr/maroc/infirmier_et_kinesitherapeute
Services Informatique et réparation,,,,,,,,,https://www.avito.ma/fr/maroc/services_informatique_et_reparation
"Services Administratif, Financier, Juridique",,,,,,,,,https://www.avito.ma/fr/maroc/services_administratif_financier_juridique
Autres Services,,,,,,,,,https://www.avito.ma/fr/maroc/autres_services
"STAGES, COURS ET FORMATIONS",,,,,,,,,https://www.avito.ma/fr/maroc/stages_cours_et_formations
Cours et Formations,,,,,,,,,https://www.avito.ma/fr/maroc/cours_et_formations
Stages,,,,,,,,,https://www.avito.ma/fr/maroc/stages
Location de salle de formation,,,,,,,,,https://www.avito.ma/fr/maroc/location_de_salle_de_formation
BUSINESS ET AFFAIRE COMMERCIALE,,,,,,,,,https://www.avito.ma/fr/maroc/business_et_affaire_commerciale
ÉVÈNEMENTS,,,,,,,,,https://www.avito.ma/fr/maroc/evenements
Animation,,,,,,,,,https://www.avito.ma/fr/maroc/animation
Traiteur,,,,,,,,,https://www.avito.ma/fr/maroc/traiteur
Conférences,,,,,,,,,https://www.avito.ma/fr/maroc/conferences
Autres évènements,,,,,,,,,https://www.avito.ma/fr/maroc/autres_evenements
"INFORMATIQUE, MULTIMEDIA ET GADGETS",,,,,,,,,https://www.avito.ma/fr/maroc/informatique_et_multimedia-%C3%A0_vendre
Smartphone et Téléphone,,,,,,,,,https://www.avito.ma/fr/maroc/t%C3%A9l%C3%A9phones-%C3%A0_vendre
Tablettes et E-book,,,,,,,,,https://www.avito.ma/fr/maroc/tablettes-%C3%A0_vendre
Ordinateurs portables,,,,,,,,,https://www.avito.ma/fr/maroc/ordinateurs_portables-%C3%A0_vendre
Ordinateurs de bureau,,,,,,,,,https://www.avito.ma/fr/maroc/ordinateurs_bureau-%C3%A0_vendre
Gaming,,,,,,,,,https://www.avito.ma/fr/maroc/jeux_vid%C3%A9o_et_consoles-%C3%A0_vendre
Gadgets,,,,,,,,,https://www.avito.ma/fr/maroc/gadgets-%C3%A0_vendre
Imprimantes,,,,,,,,,https://www.avito.ma/fr/maroc/imprimantes-%C3%A0_vendre
Télévisions,,,,,,,,,https://www.avito.ma/fr/maroc/t%C3%A9l%C3%A9visions-%C3%A0_vendre
Photo-Video,,,,,,,,,https://www.avito.ma/fr/maroc/appareils_photo_cameras-%C3%A0_vendre
Audio et Hi-Fi,,,,,,,,,https://www.avito.ma/fr/maroc/image_et_son-%C3%A0_vendre
Comptes et Abonnements,,,,,,,,,https://www.avito.ma/fr/maroc/comptes_et_abonnements-%C3%A0_vendre
Accessoires Informatiques,,,,,,,,,https://www.avito.ma/fr/maroc/accessoires_informatique_et_gadgets-%C3%A0_vendre
Autres Matériels Electroniques,,,,,,,,,https://www.avito.ma/fr/maroc/autres_materiels_electroniques-%C3%A0_vendre
EQUIPEMENT POUR BÉBÉ ET ENFANT,,,,,,,,,https://www.avito.ma/fr/maroc/equipements_pour_enfant-%C3%A0_vendre
MAISON ET JARDIN,,,,,,,,,https://www.avito.ma/fr/maroc/pour_la_maision_et_jardin-%C3%A0_vendre
Petit Electroménager,,,,,,,,,https://www.avito.ma/fr/maroc/petit_electromenager-%C3%A0_vendre
Grand Electroménager,,,,,,,,,https://www.avito.ma/fr/maroc/grand_electromenager-%C3%A0_vendre
Confort de la maison,,,,,,,,,https://www.avito.ma/fr/maroc/confort_de_la_maison-%C3%A0_vendre
Vaisselles,,,,,,,,,https://www.avito.ma/fr/maroc/vaisselles-%C3%A0_vendre
Meuble,,,,,,,,,https://www.avito.ma/fr/maroc/meubles-%C3%A0_vendre
Décoration,,,,,,,,,https://www.avito.ma/fr/maroc/decoration-%C3%A0_vendre
Textile,,,,,,,,,https://www.avito.ma/fr/maroc/textile-%C3%A0_vendre
Tapis,,,,,,,,,https://www.avito.ma/fr/maroc/tapis-%C3%A0_vendre
Porte et Fenêtre,,,,,,,,,https://www.avito.ma/fr/maroc/porte_et_fenetre-%C3%A0_vendre
Jardin,,,,,,,,,https://www.avito.ma/fr/maroc/jardin-%C3%A0_vendre
Bricolage,,,,,,,,,https://www.avito.ma/fr/maroc/bricolage-%C3%A0_vendre
Sanitaire,,,,,,,,,https://www.avito.ma/fr/maroc/sanitaire-%C3%A0_vendre
ANIMALERIE,,,,,,,,,https://www.avito.ma/fr/maroc/animaux-%C3%A0_vendre
INSTRUMENTS DE MUSIQUE,,,,,,,,,https://www.avito.ma/fr/maroc/instruments_de_musique-%C3%A0_vendre
LOISIRS ET DIVERTISSEMENTS,,,,,,,,,https://www.avito.ma/fr/maroc/loisirs_et_divertissement-%C3%A0_vendre
HABILLEMENT ET MODE,,,,,,,,,https://www.avito.ma/fr/maroc/habillement_et_bien_etre-%C3%A0_vendre
BIEN ÊTRE ET SPORT,,,,,,,,,https://www.avito.ma/fr/maroc/bien_etre_et_sport-%C3%A0_vendre
MATÉRIELS PROFESSIONNELS,,,,,,,,,https://www.avito.ma/fr/maroc/mat%C3%A9riels_professionnels-%C3%A0_vendre
STOCKS ET VENTE EN GROS,,,,,,,,,https://www.avito.ma/fr/maroc/stocks_et_vente_en_gros-%C3%A0_vendre
ENCHÈRES PUBLIQUES,,,,,,,,,https://www.avito.ma/fr/maroc/ench%C3%A8res_publiques-%C3%A0_vendre
Moteur.ma - Auto Neuf,,,,,,,,,https://www.moteur.ma/fr/neuf/voiture/?utm_source=avito&utm_medium=footer
Boutiques,,,,,,,,,https://www.avito.ma/fr/boutiques/maroc/immobilier-%C3%A0_vendre
Avito Véhicules,,,,,,,,,https://www.avito.ma/fr/maroc/v%C3%A9hicules
Avito Market,,,,,,,,,https://www.avito.ma/fr/maroc/market
Avito Entreprise,,,,,,,,,https://www.avito.ma/fr/maroc/entreprises
