title,price,location,surface,rooms,baths,link
Appartement 67 m² à BOUSKOURA prix imbattable,690000,"Appartements dans Casablanca, Autre secteur",67 m²,2 chambres,1 sdb,https://www.avito.ma/fr/autre_secteur/appartements/Appartement_67_m%C2%B2_%C3%A0_BOUSKOURA_prix_imbattable_57595128.htm
Studio de 60 m² à vendre à Marrakech,1140000,"Appartements dans Marrakech, Guéliz",60 m²,1 chambre,1 sdb,https://www.avito.ma/fr/gu%C3%A9liz/appartements/Studio_de_60_m%C2%B2_%C3%A0_vendre_%C3%A0_Marrakech_57765700.htm
Appartement à vendre 76 m² à Sidi Rahal,610000,"Appartements dans Sidi Rahal, Toute la ville",76 m²,3 chambres,2 sdbs,https://www.avito.ma/fr/sidi_rahal/appartements/Appartement_%C3%A0_vendre_76_m%C2%B2_%C3%A0_Sidi_Rahal_57775612.htm
Appartements à vendre de 82 à 94 m² à Tassila,860000,"Appartements dans Agadir, Tassila",appartements à vendre de 82 à 94 m² à tassila,3 chambres,0 sdb,https://www.avito.ma/fr/tassila/appartements/Appartements_%C3%A0_vendre_de_82_%C3%A0_94_m%C2%B2_%C3%A0_Tassila_54250231.htm
Appartement à vendre 105 m² hay el andalos,370000,"Appartements dans Oujda, Andalous",105 m²,3 chambres,2 sdbs,https://www.avito.ma/fr/andalous/appartements/Appartement_%C3%A0_vendre_105_m%C2%B2_hay_el_andalos_57755280.htm
Appartement à vendre 100 m² à route jrada,450000,"Appartements dans Oujda, Route Jerada",appartement à vendre 100 m² à route jrada,3 chambres,1 sdb,https://www.avito.ma/fr/route_jerada/appartements/Appartement_%C3%A0_vendre_100_m%C2%B2_%C3%A0_route_jrada_55095392.htm
Appartement à vendre 3 chambres à Moulay Youssef 119 m²,3000000,"Appartements dans Casablanca, Moulay Youssef",119 m²,3 chambres,2 sdbs,https://www.avito.ma/fr/moulay_youssef/appartements/Appartement_%C3%A0_vendre_3_chambres_%C3%A0_Moulay_Youssef_119_m%C2%B2_57303291.htm
Appartement 100 m² à Oujda,390000,"Appartements dans Oujda, Sidi Yahya",appartement 100 m² à oujda,3 chambres,1 sdb,https://www.avito.ma/fr/sidi_yahya/appartements/Appartement_100_m%C2%B2_%C3%A0_Oujda_54904149.htm
Appartement RDC 91 m2 à Hay Mohammadi,780000,"Appartements dans Casablanca, Hay Mohammadi",91 m²,4 chambres,2 sdbs,https://www.avito.ma/fr/hay_mohammadi/appartements/Appartement_RDC_91_m2_%C3%A0_Hay_Mohammadi_57684858.htm
Elégant Studio à vendre 57 m² à Marrakech,1482000,"Appartements dans Marrakech, Guéliz",57 m²,1 chambre,1 sdb,https://www.avito.ma/fr/gu%C3%A9liz/appartements/El%C3%A9gant_Studio_%C3%A0_vendre_57_m%C2%B2_%C3%A0_Marrakech_57638397.htm
Appartement à vendre 70 m² à Oujda,260000,"Appartements dans Oujda, Route Jerada",70 m²,2 chambres,1 sdb,https://www.avito.ma/fr/route_jerada/appartements/Appartement_%C3%A0_vendre_70_m%C2%B2_%C3%A0_Oujda_57755446.htm
Appartement Neuf de 138 m² à Harhoura,2200000,"Appartements dans Temara, Harhoura",138 m²,2 chambres,2 sdbs,https://www.avito.ma/fr/harhoura/appartements/Appartement_Neuf_de_138_m%C2%B2_%C3%A0_Harhoura_57756712.htm
Appartement à vendre 154 m² à Marrakech,2475000,"Appartements dans Marrakech, Route de Casablanca",154 m²,3 chambres,3 sdbs,https://www.avito.ma/fr/route_de_casablanca/appartements/Appartement_%C3%A0_vendre_154_m%C2%B2_%C3%A0_Marrakech_57804075.htm
Bel appartement à vendre,750000,"Appartements dans Agadir, Hay Salam",,2 chambres,1 sdb,https://www.avito.ma/fr/hay_salam/appartements/Bel_appartement_%C3%A0_vendre_57554092.htm
Appartement 3 chambres à Mimosas Prix imbattable,820000,"Appartements dans Kénitra, Mimosas",106 m²,3 chambres,2 sdbs,https://www.avito.ma/fr/mimosas/appartements/Appartement_3_chambres_%C3%A0_Mimosas_Prix_imbattable_45758846.htm
Appartement à vendre 86 m² à Oujda,380000,"Appartements dans Oujda, Hay zitoune",appartement à vendre 86 m² à oujda,3 chambres,1 sdb,https://www.avito.ma/fr/hay_zitoune/appartements/Appartement_%C3%A0_vendre_86_m%C2%B2_%C3%A0_Oujda_54393319.htm
Appart meublé 2ch salon balcon 91m2 à vendre La Gironde,950000,"Appartements dans Casablanca, La Gironde",91 m²,2 chambres,2 sdbs,https://www.avito.ma/fr/la_gironde/appartements/Appart_meubl%C3%A9_2ch_salon_balcon_91m2_%C3%A0_vendre_La_Gironde_57823689.htm
Appartement 120 millions,1200000,"Appartements dans Rabat, Riyad Extension",76 m²,2 chambres,2 sdbs,https://www.avito.ma/fr/riyad_extension/appartements/Appartement_120_millions_57807485.htm
Appartement vide à vendre quartier Badia,850000,"Appartements dans Marrakech, Ancienne Médina",62 m²,2 chambres,1 sdb,https://www.avito.ma/fr/ancienne_m%C3%A9dina/appartements/Appartement_vide_%C3%A0_vendre_quartier_Badia_57639180.htm
Appart HS 3ch sal terse 127m2 à vendre Mers sultan,1400000,"Appartements dans Casablanca, Mers Sultan",127 m²,3 chambres,2 sdbs,https://www.avito.ma/fr/mers_sultan/appartements/Appart_HS_3ch_sal_terse_127m2_%C3%A0_vendre_Mers_sultan_57601103.htm
Appartement de luxe à vendre à Branes 2,1350000,"Appartements dans Tanger, Branes 2",,2 chambres,2 sdbs,https://www.avito.ma/fr/branes_2/appartements/Appartement_de_luxe_%C3%A0_vendre_%C3%A0_Branes_2_57496734.htm
Appartement à vendre à Casablanca Arrahma,580000,"Appartements dans Casablanca, Errahma",67 m²,2 chambres,2 sdbs,https://www.avito.ma/fr/errahma/appartements/Appartement_%C3%A0_vendre_%C3%A0_Casablanca_Arrahma_57707716.htm
Appartement à vendre 121 m² à Temara,1210000,"Appartements dans Temara, Autre secteur",appartement à vendre 121 m² à temara,3 chambres,2 sdbs,https://www.avito.ma/fr/autre_secteur/appartements/Appartement_%C3%A0_vendre_121_m%C2%B2_%C3%A0_Temara_57725988.htm
Appartement à vendre 100²m à Oujda,380000,"Appartements dans Oujda, Autre secteur",,4 chambres,1 sdb,https://www.avito.ma/fr/autre_secteur/appartements/Appartement_%C3%A0_vendre_100%C2%B2m_%C3%A0_Oujda_54393399.htm
Bel appartement à vendre,,"Appartements dans Mohammedia, Al Qods",148 m²,3 chambres,2 sdbs,https://www.avito.ma/fr/al_qods/appartements/Bel_appartement_%C3%A0_vendre_57722083.htm
Appartement à vendre à Temara,1200000,"Appartements dans Rabat, Autre secteur",107 m²,3 chambres,2 sdbs,https://www.avito.ma/fr/autre_secteur/appartements/Appartement_%C3%A0_vendre_%C3%A0_Temara_57812272.htm
Appartement à vendre 105 m² El Andalous,370000,"Appartements dans Oujda, Andalous",105 m²,2 chambres,2 sdbs,https://www.avito.ma/fr/andalous/appartements/Appartement_%C3%A0_vendre_105_m%C2%B2_El_Andalous_57755402.htm
Appartement à vendre 65 m Mdiq 4 min à pied plage,480000,"Appartements dans Mdiq, Toute la ville",60 m²,2 chambres,1 sdb,https://www.avito.ma/fr/mdiq/appartements/Appartement_%C3%A0_vendre_65_m_Mdiq_4_min_%C3%A0_pied_plage_57822237.htm
Appt à ne pas rater,590000,"Appartements dans Fès, Route Ain Chkaf",100 m²,2 chambres,1 sdb,https://www.avito.ma/fr/route_ain_chkaf/appartements/Appt_%C3%A0_ne_pas_rater_57132071.htm
Appartement à vendre au 1er étage à Tamaris Aqua-parc,360000,"Appartements dans Tamaris, Toute la ville",,2 chambres,1 sdb,https://www.avito.ma/fr/tamaris/appartements/Appartement_%C3%A0_vendre_au_1er_%C3%A9tage_%C3%A0_Tamaris_Aqua_parc_51522778.htm
Appartement à vendre 130 m² à plage des nations,1850000,"Appartements dans Sidi Bouknadel, Toute la ville",130 m²,2 chambres,2 sdbs,https://www.avito.ma/fr/sidi_bouknadel/appartements/Appartement_%C3%A0_vendre_130_m%C2%B2_%C3%A0_plage_des_nations_56055121.htm
Appartement à vendre 110 m² à Casablanca,1700000,"Appartements dans Casablanca, 2 Mars",110 m²,3 chambres,2 sdbs,https://www.avito.ma/fr/2_mars/appartements/Appartement_%C3%A0_vendre_110_m%C2%B2_%C3%A0_Casablanca_57775489.htm
Superbe Appart à vendre à Ain Diab Extension,4000000,"Appartements dans Casablanca, Aïn Diab",189 m²,3 chambres,2 sdbs,https://www.avito.ma/fr/a%C3%AFn_diab/appartements/Superbe_Appart_%C3%A0_vendre_%C3%A0_Ain_Diab_Extension_57770131.htm
Appartement à vendre 92 m² à Meknès,,"Appartements dans Meknès, Hamria",92 m²,2 chambres,2 sdbs,https://www.avito.ma/fr/hamria/appartements/Appartement_%C3%A0_vendre_92_m%C2%B2_%C3%A0_Mekn%C3%A8s_57839593.htm
Appartement à vendre 100 m² à Tétouan,1245000,"Appartements dans Tétouan, Autre secteur",110 m²,3 chambres,2 sdbs,https://www.avito.ma/fr/autre_secteur/appartements/Appartement_%C3%A0_vendre_100_m%C2%B2_%C3%A0_T%C3%A9touan_57616531.htm
Appartement à vendre 211 m² à Tanger Malabata Hils,,"Appartements dans Tanger, Malabata",211 m²,4 chambres,3 sdbs,https://www.avito.ma/fr/malabata/appartements/Appartement_%C3%A0_vendre_211_m%C2%B2_%C3%A0_Tanger_Malabata_Hils_57086129.htm
Appartement à vendre 58 m² à Martil,,"Appartements dans Martil, Toute la ville",56 m²,1 chambre,1 sdb,https://www.avito.ma/fr/martil/appartements/Appartement_%C3%A0_vendre_58_m%C2%B2_%C3%A0_Martil_56716790.htm
Appartement 72 m² à Vendre à Casa Sidi Maarouf,,"Appartements dans Casablanca, Sidi Maarouf",99 m²,2 chambres,2 sdbs,https://www.avito.ma/fr/sidi_maarouf/appartements/Appartement_72_m%C2%B2_%C3%A0_Vendre_%C3%A0_Casa_Sidi_Maarouf_55838745.htm
Appartement à vendre à Sonaba,2200000,"Appartements dans Agadir, Founty",,3 chambres,2 sdbs,https://www.avito.ma/fr/founty/appartements/Appartement_%C3%A0_vendre_%C3%A0_Sonaba_57486945.htm
Super Appartement Vue sur Mer à Dar Bouazza,2390000,"Appartements dans Dar Bouazza, Toute la ville",132 m²,3 chambres,2 sdbs,https://www.avito.ma/fr/dar_bouazza/appartements/Super_Appartement_Vue_sur_Mer_%C3%A0_Dar_Bouazza_57692835.htm
Appartement à vendre 78 m² à Marrakech,,"Appartements dans Marrakech, Guéliz",78 m²,2 chambres,2 sdbs,https://www.avito.ma/fr/gu%C3%A9liz/appartements/Appartement_%C3%A0_vendre_78_m%C2%B2_%C3%A0_Marrakech_53243419.htm
Appartement Oulad mtaa,,"Appartements dans Rabat, Riyad Extension",119 m²,3 chambres,3 sdbs,https://www.avito.ma/fr/riyad_extension/appartements/Appartement_Oulad_mtaa_57807474.htm
Appartement à vendre 90m² à Oujda ziton,370000,"Appartements dans Oujda, Hay zitoune",appartement à vendre 90m² à oujda ziton,2 chambres,1 sdb,https://www.avito.ma/fr/hay_zitoune/appartements/Appartement_%C3%A0_vendre_90m%C2%B2_%C3%A0_Oujda_ziton_56030009.htm
Appartement à vendre pas de semsar,600000,"Appartements dans Mohammedia, Nassim",70 m²,2 chambres,1 sdb,https://www.avito.ma/fr/nassim/appartements/Appartement_%C3%A0_vendre_pas_de_semsar_57773761.htm
Appartement de Luxe 209 m² Malabata hills Tanger,,"Appartements dans Tanger, Malabata",209 m²,3 chambres,3 sdbs,https://www.avito.ma/fr/malabata/appartements/Appartement_de_Luxe_209_m%C2%B2_Malabata_hills_Tanger_57263583.htm
Appartement à vendre Bourgogne,1200000,"Appartements dans Casablanca, Bourgogne",90 m²,2 chambres,2 sdbs,https://www.avito.ma/fr/bourgogne/appartements/Appartement_%C3%A0_vendre_Bourgogne_57697496.htm
Appartement à vendre 80 m² à Oujda,460000,"Appartements dans Oujda, Centre Ville",appartement à vendre 80 m² à oujda,2 chambres,1 sdb,https://www.avito.ma/fr/centre_ville/appartements/Appartement_%C3%A0_vendre_80_m%C2%B2_%C3%A0_Oujda_54393862.htm
Appartement à vendre 147 m² à Bd Fouaratte Casa.,1200000,"Appartements dans Casablanca, Hay Mohammadi",147 m²,4 chambres,3 sdbs,https://www.avito.ma/fr/hay_mohammadi/appartements/Appartement_%C3%A0_vendre_147_m%C2%B2_%C3%A0_Bd_Fouaratte_Casa__56185859.htm
Appartement à vendre 100 m² à Oujda,460000,"Appartements dans Oujda, Hay zitoune",appartement à vendre 100 m² à oujda,3 chambres,2 sdbs,https://www.avito.ma/fr/hay_zitoune/appartements/Appartement_%C3%A0_vendre_100_m%C2%B2_%C3%A0_Oujda_54904183.htm
Appartement à Atlas golf Resort à Marrakech,2100000,"Appartements dans Marrakech, Annakhil",140 m²,2 chambres,2 sdbs,https://www.avito.ma/fr/annakhil/appartements/Appartement_%C3%A0_Atlas_golf_Resort_%C3%A0_Marrakech_57615030.htm
Appart 3ch 2sa blc 150m2 à vendre 2Mars,2200000,"Appartements dans Casablanca, 2 Mars",150 m²,3 chambres,2 sdbs,https://www.avito.ma/fr/2_mars/appartements/Appart_3ch_2sa_blc_150m2_%C3%A0_vendre_2Mars_56889308.htm
Spacieux appartement à vendre meublé,1350000,"Appartements dans Marrakech, Victor Hugo",54 m²,1 chambre,1 sdb,https://www.avito.ma/fr/victor_hugo/appartements/Spacieux_appartement_%C3%A0_vendre_meubl%C3%A9_57711710.htm
Résidence de standing vue océan,1885000,"Appartements dans Dar Bouazza, Toute la ville",,4 chambres,3 sdbs,https://www.avito.ma/fr/dar_bouazza/appartements/R%C3%A9sidence_de_standing_vue_oc%C3%A9an_57780448.htm
Appartement à vendre 75 m² à Oujda,270000,"Appartements dans Oujda, Autre secteur",appartement à vendre 75 m² à oujda,4 chambres,1 sdb,https://www.avito.ma/fr/autre_secteur/appartements/Appartement_%C3%A0_vendre_75_m%C2%B2_%C3%A0_Oujda_55095473.htm
Saidia AP2 - Appart de 118m² – proche du Golf,960000,"Appartements dans Saidia, Toute la ville",118 m²,2 chambres,2 sdbs,https://www.avito.ma/fr/saidia/appartements/Saidia_AP2___Appart_de_118m%C2%B2___proche_du_Golf_57775425.htm
"Appartement à vendre 181 m² avec terrasse, Racine",3100000,"Appartements dans Casablanca, Racine",181 m²,3 chambres,3 sdbs,https://www.avito.ma/fr/racine/appartements/Appartement_%C3%A0_vendre_181_m%C2%B2_avec_terrasse__Racine_57800891.htm
Appartement à vendre 89m² à H M Casablanca,850000,"Appartements dans Casablanca, Hay Mohammadi",89 m²,2 chambres,2 sdbs,https://www.avito.ma/fr/hay_mohammadi/appartements/Appartement_%C3%A0_vendre_89m%C2%B2_%C3%A0_H_M_Casablanca_55797652.htm
Appartement à vendre 74 m² à Oujda,350000,"Appartements dans Oujda, Hay zitoune",appartement à vendre 74 m² à oujda,2 chambres,1 sdb,https://www.avito.ma/fr/hay_zitoune/appartements/Appartement_%C3%A0_vendre_74_m%C2%B2_%C3%A0_Oujda_54392874.htm
Rez de jardin à vendre 107 m² vue sur piscine,1900000,"Appartements dans Marrakech, Route de Casablanca",107 m²,2 chambres,2 sdbs,https://www.avito.ma/fr/route_de_casablanca/appartements/Rez_de_jardin_%C3%A0_vendre_107_m%C2%B2_vue_sur_piscine_57648716.htm
Appartement 100 m² à Oujda,470000,"Appartements dans Oujda, Centre Ville",appartement 100 m² à oujda,3 chambres,1 sdb,https://www.avito.ma/fr/centre_ville/appartements/Appartement_100_m%C2%B2_%C3%A0_Oujda_56030081.htm
Appartement à vendre Tanger Centre Ville,275000000,"Appartements dans Tanger, Centre ville",,3 chambres,3 sdbs,https://www.avito.ma/fr/centre_ville/appartements/Appartement_%C3%A0_vendre_Tanger_Centre_Ville_57839555.htm
Appartements à vendre lotissement Al Dha.,390000,"Appartements dans Laâyoune, Toute la ville",86 m²,2 chambres,1 sdb,https://www.avito.ma/fr/la%C3%A2youne/appartements/Appartements_%C3%A0_vendre_lotissement_Al_Dha__57697598.htm
Appartement 83m² salon 3ch à vendre Hay Adil Casa,620000,"Appartements dans Casablanca, Hay Mohammadi",appartement 83m² salon 3ch à vendre hay adil casa,3 chambres,1 sdb,https://www.avito.ma/fr/hay_mohammadi/appartements/Appartement_83m%C2%B2_salon_3ch_%C3%A0_vendre_Hay_Adil_Casa_55959045.htm
Appartement à vendre CGI redéhousse,320000,"Appartements dans Oujda, CGI",,2 chambres,1 sdb,https://www.avito.ma/fr/cgi/appartements/Appartement_%C3%A0_vendre_CGI_red%C3%A9housse_55224256.htm
Appartement à vendre Haut standing,,"Appartements dans Rabat, Hay Riad",156 m²,4 chambres,3 sdbs,https://www.avito.ma/fr/hay_riad/appartements/Appartement_%C3%A0_vendre_Haut_standing_57781042.htm
Appartement à vendre 150 m² à Agadir,1900000,"Appartements dans Agadir, Haut-Founty",150 m²,4 chambres,2 sdbs,https://www.avito.ma/fr/haut_founty/appartements/Appartement_%C3%A0_vendre_150_m%C2%B2_%C3%A0_Agadir_57712745.htm
Appartement à vendre 90 m² à Oujda,290000,"Appartements dans Oujda, Agdal",130 m²,3 chambres,1 sdb,https://www.avito.ma/fr/agdal/appartements/Appartement_%C3%A0_vendre_90_m%C2%B2_%C3%A0_Oujda_57359130.htm
Appartement à vendre 58 m Mdiq 4 min à pied plage,490000,"Appartements dans Mdiq, Toute la ville",58 m²,2 chambres,1 sdb,https://www.avito.ma/fr/mdiq/appartements/Appartement_%C3%A0_vendre_58_m_Mdiq_4_min_%C3%A0_pied_plage_57822302.htm
Appartement à vendre,950000,"Appartements dans Tanger, Centre",75 m²,2 chambres,1 sdb,https://www.avito.ma/fr/centre/appartements/Appartement_%C3%A0_vendre_57799376.htm
Appartement à vendre 124m² Roche Noire Casablanca,1050000,"Appartements dans Casablanca, Roches Noires",124 m²,2 chambres,2 sdbs,https://www.avito.ma/fr/roches_noires/appartements/Appartement_%C3%A0_vendre_124m%C2%B2_Roche_Noire_Casablanca_54971172.htm
Appartement 1er chouka à vendre 50m² ERRAHMA Casa,350000,"Appartements dans Casablanca, Errahma",50 m²,2 chambres,1 sdb,https://www.avito.ma/fr/errahma/appartements/Appartement_1er_chouka_%C3%A0_vendre_50m%C2%B2_ERRAHMA_Casa_56040509.htm
Appartement à vendre 80 m² à Oujda,400000,"Appartements dans Oujda, Centre Ville",appartement à vendre 80 m² à oujda,2 chambres,1 sdb,https://www.avito.ma/fr/centre_ville/appartements/Appartement_%C3%A0_vendre_80_m%C2%B2_%C3%A0_Oujda_54392947.htm
APPART 91m 2FACES vue piscine à MARBELLA BEACH,1030000,"Appartements dans Mohammedia, Autre secteur",91 m²,2 chambres,2 sdbs,https://www.avito.ma/fr/autre_secteur/appartements/APPART_91m_2FACES_vue_piscine_%C3%A0_MARBELLA_BEACH_57747136.htm
Appartement 98m² chouka à vendre Fouarat Casa,950000,"Appartements dans Casablanca, Hay Mohammadi",147 m²,3 chambres,1 sdb,https://www.avito.ma/fr/hay_mohammadi/appartements/Appartement_98m%C2%B2_chouka_%C3%A0_vendre_Fouarat_Casa_56770374.htm
Appartement vide à vendre sur la Route de Rabat,1232500,"Appartements dans Tanger, Autre secteur",,3 chambres,2 sdbs,https://www.avito.ma/fr/autre_secteur/appartements/Appartement_vide_%C3%A0_vendre_sur_la_Route_de_Rabat_56652097.htm
Appartement 138m² au 2ème étg au Maârif,1800000,"Appartements dans Casablanca, Maarif",138 m²,3 chambres,3 sdbs,https://www.avito.ma/fr/maarif/appartements/Appartement_138m%C2%B2_au_2%C3%A8me_%C3%A9tg_au_Ma%C3%A2rif_55941961.htm
Appartement d’exception front mer- Tamaris Premium,2000000,"Appartements dans Tamaris, Toute la ville",117 m²,2 chambres,1 sdb,https://www.avito.ma/fr/tamaris/appartements/Appartement_d_exception_front_mer__Tamaris_Premium_57728469.htm
"Appartement 124 m² – Centre Ville, Tanger",1800000,"Appartements dans Tanger, Centre ville",124 m²,3 chambres,2 sdbs,https://www.avito.ma/fr/centre_ville/appartements/Appartement_124_m%C2%B2___Centre_Ville__Tanger_57723798.htm
Appartement à vendre 145 m² à la marina casablanca,3900000,"Appartements dans Tanger, Autre secteur",155 m²,2 chambres,3 sdbs,https://www.avito.ma/fr/autre_secteur/appartements/Appartement_%C3%A0_vendre_145_m%C2%B2_%C3%A0_la_marina_casablanca_56472283.htm
Appartement à vendre CGI à Oujda,330000,"Appartements dans Oujda, CGI",,5 chambres,1 sdb,https://www.avito.ma/fr/cgi/appartements/Appartement_%C3%A0_vendre_CGI_%C3%A0_Oujda_54393879.htm
Appartement à vendre 110 m2 à Saïdia,750000,"Appartements dans Saidia, Toute la ville",110 m²,2 chambres,1 sdb,https://www.avito.ma/fr/saidia/appartements/Appartement_%C3%A0_vendre_110_m2_%C3%A0_Sa%C3%AFdia_57839494.htm
Appartement R+2 bien ensoleillé,370000,"Appartements dans El Jadida, Autre secteur",,2 chambres,1 sdb,https://www.avito.ma/fr/autre_secteur/appartements/Appartement_R_2_bien_ensoleill%C3%A9_56760810.htm
Appartement à Bouznika,10,"Appartements dans Bouznika, Autre secteur",65 m²,2 chambres,1 sdb,https://www.avito.ma/fr/autre_secteur/appartements/Appartement_%C3%A0_Bouznika_57839490.htm
Appartement à vendre 71 m² à Bouznika,600000,"Appartements dans Bouznika, Autre secteur",71 m²,2 chambres,1 sdb,https://www.avito.ma/fr/autre_secteur/appartements/Appartement_%C3%A0_vendre_71_m%C2%B2_%C3%A0_Bouznika_56368488.htm
À vendre un joli appartement meublé avec piscine,1250000,"Appartements dans El Mansouria, Toute la ville",92 m²,2 chambres,2 sdbs,https://www.avito.ma/fr/el_mansouria/appartements/%C3%80_vendre_un_joli_appartement_meubl%C3%A9_avec_piscine_56846634.htm
Appartement à vendre 134 m² à Tanger,2546000,"Appartements dans Tanger, De La Plage",134 m²,3 chambres,2 sdbs,https://www.avito.ma/fr/de_la_plage/appartements/Appartement_%C3%A0_vendre_134_m%C2%B2_%C3%A0_Tanger_56300463.htm
Appartement à vendre 85 m² à Oujda,3700000,"Appartements dans Oujda, Centre Ville",appartement à vendre 85 m² à oujda,2 chambres,1 sdb,https://www.avito.ma/fr/centre_ville/appartements/Appartement_%C3%A0_vendre_85_m%C2%B2_%C3%A0_Oujda_54489101.htm
Appartement à vendre 100 m² à Oujda hay ziton,440000,"Appartements dans Oujda, Hay zitoune",appartement à vendre 100 m² à oujda hay ziton,3 chambres,1 sdb,https://www.avito.ma/fr/hay_zitoune/appartements/Appartement_%C3%A0_vendre_100_m%C2%B2_%C3%A0_Oujda_hay_ziton_54393530.htm
Appartement à vendre 85 m² à Oujda,380000,"Appartements dans Oujda, Centre Ville",appartement à vendre 85 m² à oujda,2 chambres,1 sdb,https://www.avito.ma/fr/centre_ville/appartements/Appartement_%C3%A0_vendre_85_m%C2%B2_%C3%A0_Oujda_54663434.htm
Aptmts neuf à hay riyad,3400000,"Appartements dans Rabat, Hay Riad",120 m²,3 chambres,1 sdb,https://www.avito.ma/fr/hay_riad/appartements/Aptmts_neuf_%C3%A0_hay_riyad_57457147.htm
Appartement à vendre 80m2 à Saïdia,590000,"Appartements dans Saidia, Toute la ville",80 m²,2 chambres,2 sdbs,https://www.avito.ma/fr/saidia/appartements/Appartement_%C3%A0_vendre_80m2_%C3%A0_Sa%C3%AFdia_57839472.htm
Appartement neuf à vendre 72m² aux princesses,1600000,"Appartements dans Casablanca, Les Princesses",appartement neuf à vendre 72m² aux princesses,2 chambres,2 sdbs,https://www.avito.ma/fr/les_princesses/appartements/Appartement_neuf_%C3%A0_vendre_72m%C2%B2_aux_princesses_57290444.htm
Appartement à vendre 80 m² à Oujda,270000,"Appartements dans Oujda, Agdal",appartement à vendre 80 m² à oujda,3 chambres,1 sdb,https://www.avito.ma/fr/agdal/appartements/Appartement_%C3%A0_vendre_80_m%C2%B2_%C3%A0_Oujda_57600721.htm
Appartement à vendre 95 m² à Marrakech palmeraie,1500000,"Appartements dans Marrakech, Palmeraie",95 m²,2 chambres,2 sdbs,https://www.avito.ma/fr/palmeraie/appartements/Appartement_%C3%A0_vendre_95_m%C2%B2_%C3%A0_Marrakech_palmeraie_57216492.htm
A vendre un appartement avec terrasse,3750000,"Appartements dans Casablanca, Racine",190 m²,4 chambres,3 sdbs,https://www.avito.ma/fr/racine/appartements/A_vendre_un_appartement_avec_terrasse_57516868.htm
Appartement RDC de 3 chbrs à vendre sur Agadir,,"Appartements dans Agadir, Hay Mohammadi",,3 chambres,2 sdbs,https://www.avito.ma/fr/hay_mohammadi/appartements/Appartement_RDC_de_3_chbrs_%C3%A0_vendre_sur_Agadir_57651556.htm
Appartement à vendre 90 m² à Oujda,370000,"Appartements dans Oujda, Sidi Yahya",appartement à vendre 90 m² à oujda,3 chambres,2 sdbs,https://www.avito.ma/fr/sidi_yahya/appartements/Appartement_%C3%A0_vendre_90_m%C2%B2_%C3%A0_Oujda_54904207.htm
Studios neufs à vendre à HERMITAGE,960000,"Appartements dans Casablanca, Hermitage",,1 chambre,1 sdb,https://www.avito.ma/fr/hermitage/appartements/Studios_neufs_%C3%A0_vendre_%C3%A0_HERMITAGE_55079135.htm
Joli Studio 68 m² proche des Jardins Majorelle,1190000,"Appartements dans Marrakech, Majorelle",68 m²,1 chambre,1 sdb,https://www.avito.ma/fr/majorelle/appartements/Joli_Studio_68_m%C2%B2_proche_des_Jardins_Majorelle_57646076.htm
🌿 Appartement d’exception à vendre à Achakar,2800000,"Appartements dans Tanger, Achakar",165 m²,2 chambres,2 sdbs,https://www.avito.ma/fr/achakar/appartements/___Appartement_d_exception_%C3%A0_vendre_%C3%A0_Achakar__57717771.htm
Appartement à vendre à Tétouan Chebar,580000,"Appartements dans Martil, Toute la ville",80 m²,2 chambres,1 sdb,https://www.avito.ma/fr/martil/appartements/Appartement_%C3%A0_vendre_%C3%A0_T%C3%A9touan_Chebar_57839437.htm
Appartement 165m² RDC à vendre 2 Mars Casablanca,1540000,"Appartements dans Casablanca, 2 Mars",35 m²,4 chambres,2 sdbs,https://www.avito.ma/fr/2_mars/appartements/Appartement_165m%C2%B2__RDC_%C3%A0_vendre__2_Mars_Casablanca_56040548.htm
À vendre appartement 3 CH avec terrasse de 44m2,2350000,"Appartements dans Casablanca, Ferme Bretone",144 m²,3 chambres,3 sdbs,https://www.avito.ma/fr/ferme_bretone/appartements/%C3%80_vendre_appartement_3_CH_avec_terrasse_de_44m2_57406538.htm
"Appartements prêts à vendre, différentes superficies à ""Laâouama""",9000,"Appartements dans Tanger, Autre secteur",86 m²,3 chambres,2 sdbs,https://www.avito.ma/fr/autre_secteur/appartements/Appartements_pr%C3%AAts_%C3%A0_vendre__diff%C3%A9rentes_superficies_%C3%A0__La%C3%A2ouama__57839449.htm
Appartement à vendre 150 m² à Oujda,490000,"Appartements dans Oujda, Sidi Yahya",appartement à vendre 150 m² à oujda,3 chambres,1 sdb,https://www.avito.ma/fr/sidi_yahya/appartements/Appartement_%C3%A0_vendre_150_m%C2%B2_%C3%A0_Oujda_55361733.htm
Appartement à vendre 50 m² à Tamaris,280000,"Appartements dans Tamaris, Toute la ville",appartement à vendre 50 m² à tamaris,2 chambres,1 sdb,https://www.avito.ma/fr/tamaris/appartements/Appartement_%C3%A0_vendre_50_m%C2%B2_%C3%A0_Tamaris_56939136.htm
Appartement à à Plage des Nations,2500000,"Appartements dans Sidi Bouknadel, Toute la ville",98 m²,2 chambres,2 sdbs,https://www.avito.ma/fr/sidi_bouknadel/appartements/Appartement_%C3%A0_%C3%A0_Plage_des_Nations_57513939.htm
Super Appartement neuf à vendre H M Casa,920000,"Appartements dans Casablanca, Hay Mohammadi",92 m²,2 chambres,2 sdbs,https://www.avito.ma/fr/hay_mohammadi/appartements/Super_Appartement_neuf_%C3%A0_vendre_H_M_Casa_56729735.htm
Appartement 120m² Chouka à vendre à Casablanca.,1080000,"Appartements dans Casablanca, Hay Mohammadi",120 m²,3 chambres,2 sdbs,https://www.avito.ma/fr/hay_mohammadi/appartements/Appartement_120m%C2%B2_Chouka_%C3%A0_vendre_%C3%A0_Casablanca__56464823.htm
Appartement 85 m² à Oujda redchousse ban9achoure,400000,"Appartements dans Oujda, Centre Ville",appartement 85 m² à oujda redchousse ban9achoure,2 chambres,1 sdb,https://www.avito.ma/fr/centre_ville/appartements/Appartement_85_m%C2%B2_%C3%A0_Oujda_redchousse_ban9achoure_55224195.htm
Appartement à vendre 90 m rjafalah à Oujda,260000,"Appartements dans Oujda, Hay Ennasr",,2 chambres,1 sdb,https://www.avito.ma/fr/hay_ennasr/appartements/Appartement_%C3%A0_vendre_90_m_rjafalah_%C3%A0_Oujda_54393617.htm
Appartement à vendre 85 m² à Oujda,390000,"Appartements dans Oujda, Centre Ville",appartement à vendre 85 m² à oujda,2 chambres,1 sdb,https://www.avito.ma/fr/centre_ville/appartements/Appartement_%C3%A0_vendre_85_m%C2%B2_%C3%A0_Oujda_54392974.htm
Appartement à vendre 100 m² à Oujda,430000,"Appartements dans Oujda, Hay zitoune",appartement à vendre 100 m² à oujda,3 chambres,1 sdb,https://www.avito.ma/fr/hay_zitoune/appartements/Appartement_%C3%A0_vendre_100_m%C2%B2_%C3%A0_Oujda_55224106.htm
Joli Appartement 1er Etage Mhamid 7,410000,"Appartements dans Marrakech, M'Hamid",57 m²,2 chambres,1 sdb,https://www.avito.ma/fr/m_hamid/appartements/Joli_Appartement_1er_Etage_Mhamid_7_57133912.htm
Appartement d’exception front mer- Tamaris Premium,2000000,"Appartements dans Tamaris, Toute la ville",117 m²,2 chambres,1 sdb,https://www.avito.ma/fr/tamaris/appartements/Appartement_d_exception_front_mer__Tamaris_Premium_57728469.htm
Appartement à vendre 56 m² à Marrakech,1008000,"Appartements dans Marrakech, Guéliz",appartement à vendre 56 m² à marrakech,1 chambre,1 sdb,https://www.avito.ma/fr/gu%C3%A9liz/appartements/Appartement_%C3%A0_vendre_56_m%C2%B2_%C3%A0_Marrakech_57403709.htm
APPARTEMENTS HAUT STANDING À VENDRE – HAMRIA,,"Appartements dans Meknès, Hamria",208 m²,3 chambres,2 sdbs,https://www.avito.ma/fr/hamria/appartements/APPARTEMENTS_HAUT_STANDING_%C3%80_VENDRE___HAMRIA_57735856.htm
Appartement 2 fas à côté de la référence sidi yahya,,"Appartements dans Oujda, Sidi Yahya",130 m²,3 chambres,0 sdb,https://www.avito.ma/fr/sidi_yahya/appartements/Appartement_2_fas_%C3%A0_c%C3%B4t%C3%A9_de_la_r%C3%A9f%C3%A9rence_sidi_yahya_57412732.htm
"🌊 appartement vue mer en face, sans vis-à-vis",1600000,"Appartements dans Agadir, Anza",80 m²,2 chambres,2 sdbs,https://www.avito.ma/fr/anza/appartements/___appartement_vue_mer_en_face__sans_vis_%C3%A0_vis_56936072.htm
Rez-de-jardin à vendre 128 m² 20 m² jardin,2100000,"Appartements dans Rabat, Souissi",148 m²,3 chambres,2 sdbs,https://www.avito.ma/fr/souissi/appartements/Rez_de_jardin_%C3%A0_vendre_128_m%C2%B2_20_m%C2%B2_jardin_57302278.htm
Appartement à vendre Résidence Hiba Rez-de-chaussée 100 mètres,660000,"Appartements dans Tamesna, Toute la ville",,3 chambres,,https://www.avito.ma/fr/tamesna/appartements/Appartement_%C3%A0_vendre_R%C3%A9sidence_Hiba_Rez_de_chauss%C3%A9e_100_m%C3%A8tres_50631819.htm
Bel appartement à louer Ain Borja,3500,"Appartements dans Casablanca, Aïn Borja",72 m²,2 chambres,2 sdbs,https://www.avito.ma/fr/a%C3%AFn_borja/appartements/Bel_appartement_%C3%A0_louer_Ain_Borja_57839311.htm
🏠Appartement duplex 174m2 à vendre HM Casa🏠,1000000,"Appartements dans Casablanca, Hay Mohammadi",174 m²,5 chambres,2 sdbs,https://www.avito.ma/fr/hay_mohammadi/appartements/__Appartement_duplex_174m2_%C3%A0_vendre_HM_Casa___57631189.htm
Appartement à vendre 85 m² à Oujda,330000,"Appartements dans Oujda, Hay Lazaret",appartement à vendre 85 m² à oujda,2 chambres,1 sdb,https://www.avito.ma/fr/hay_lazaret/appartements/Appartement_%C3%A0_vendre_85_m%C2%B2_%C3%A0_Oujda_55095466.htm
Appartement à vendre 85 m² à Oujda,380000,"Appartements dans Oujda, Agdal",appartement à vendre 85 m² à oujda,2 chambres,1 sdb,https://www.avito.ma/fr/agdal/appartements/Appartement_%C3%A0_vendre_85_m%C2%B2_%C3%A0_Oujda_54393190.htm
Appartement 57 m² – 6e étage – Triple Tower,1500000,"Appartements dans Tanger, Malabata",57 m²,2 chambres,1 sdb,https://www.avito.ma/fr/malabata/appartements/Appartement_57_m%C2%B2___6e_%C3%A9tage___Triple_Tower_57779089.htm
Bel appartement à vendre à Bourgoune Casa,2190000,"Appartements dans Casablanca, Bourgogne",,2 chambres,2 sdbs,https://www.avito.ma/fr/bourgogne/appartements/Bel_appartement_%C3%A0_vendre_%C3%A0_Bourgoune_Casa_53059294.htm
Appartement à vendre 47 m Mdiq 4 min à pied plage,380000,"Appartements dans Mdiq, Toute la ville",50 m²,1 chambre,1 sdb,https://www.avito.ma/fr/mdiq/appartements/Appartement_%C3%A0_vendre_47_m_Mdiq_4_min_%C3%A0_pied_plage_57822212.htm
Appartement 90m² à Oujda,270000,"Appartements dans Oujda, Autre secteur",appartement 90m² à oujda,3 chambres,2 sdbs,https://www.avito.ma/fr/autre_secteur/appartements/Appartement_90m%C2%B2_%C3%A0_Oujda_55861512.htm
Appartement à vendre 106 m² à Oujda,400000,"Appartements dans Oujda, Boustane",appartement à vendre 106 m² à oujda,3 chambres,1 sdb,https://www.avito.ma/fr/boustane/appartements/Appartement_%C3%A0_vendre_106_m%C2%B2_%C3%A0_Oujda_54393198.htm
Appartement à vendre 145 m² à Oujda,570000,"Appartements dans Oujda, Hay zitoune",appartement à vendre 145 m² à oujda,4 chambres,2 sdbs,https://www.avito.ma/fr/hay_zitoune/appartements/Appartement_%C3%A0_vendre_145_m%C2%B2_%C3%A0_Oujda_54393097.htm
Appartement à vendre 80 m² à Oujda,300000,"Appartements dans Oujda, Boustane",appartement à vendre 80 m² à oujda,2 chambres,0 sdb,https://www.avito.ma/fr/boustane/appartements/Appartement_%C3%A0_vendre_80_m%C2%B2_%C3%A0_Oujda_57049632.htm
Appartement ain mezouar base militaire,520000,"Appartements dans Marrakech, Ain Mezouar",62 m²,2 chambres,1 sdb,https://www.avito.ma/fr/ain_mezouar/appartements/Appartement_ain_mezouar_base_militaire_57839264.htm
Appartement 2 ch salon balcon Martil 45m² 4ème étage,300000,"Appartements dans Martil, Toute la ville",appartement 2 ch salon balcon martil 45m² 4ème étage,2 chambres,1 sdb,https://www.avito.ma/fr/martil/appartements/Appartement_2_ch_salon_balcon_Martil_45m%C2%B2_4%C3%A8me_%C3%A9tage_55361072.htm
Appartement à vendre 120 m² à Mosquée houda,1170000,"Appartements dans Temara, Hoda",120 m²,3 chambres,2 sdbs,https://www.avito.ma/fr/hoda/appartements/Appartement_%C3%A0_vendre_120_m%C2%B2_%C3%A0_Mosqu%C3%A9e_houda_57839257.htm
Appartement 92m² 1er à Roches Noires à vendre Casa,850000,"Appartements dans Casablanca, Roches Noires",appartement 92m² 1er à roches noires à vendre casa,2 chambres,1 sdb,https://www.avito.ma/fr/roches_noires/appartements/Appartement_92m%C2%B2_1er_%C3%A0_Roches_Noires_%C3%A0_vendre_Casa_55901112.htm
Appartement 85m² à Sidi Bernoussi Casa.,740000,"Appartements dans Casablanca, Sidi Bernoussi",85 m²,3 chambres,2 sdbs,https://www.avito.ma/fr/sidi_bernoussi/appartements/Appartement_85m%C2%B2_%C3%A0_Sidi_Bernoussi_Casa__53160051.htm
Appartement à vendre Centre ville à Casablanca,1300000,"Appartements dans Casablanca, Centre Ville",,3 chambres,2 sdbs,https://www.avito.ma/fr/centre_ville/appartements/Appartement_%C3%A0_vendre_Centre_ville_%C3%A0_Casablanca_56191644.htm
Appartement Tanger Balia,620000,"Appartements dans Tanger, Tanja Balia",78 m²,2 chambres,1 sdb,https://www.avito.ma/fr/tanja_balia/appartements/Appartement_Tanger_Balia_55043962.htm
CMN-SI-1877 - Appartement à vendre à Bourgogne Est,1050000,"Appartements dans Casablanca, Bourgogne",76 m²,2 chambres,1 sdb,https://www.avito.ma/fr/bourgogne/appartements/CMN_SI_1877___Appartement_%C3%A0_vendre_%C3%A0_Bourgogne_Est_57328148.htm
Appartements à vendre à Jardins de Tanger – 60 à 70 m²,690000,"Appartements dans Tanger, Marjane",appartements à vendre à jardins de tanger – 60 à 70 m²,2 chambres,1 sdb,https://www.avito.ma/fr/marjane/appartements/Appartements_%C3%A0_vendre_%C3%A0_Jardins_de_Tanger___60_%C3%A0_70_m%C2%B2_57546863.htm
Appartement à vendre,1700000,"Appartements dans Salé, Hay Karima",,3 chambres,3 sdbs,https://www.avito.ma/fr/hay_karima/appartements/Appartement_%C3%A0_vendre_57833871.htm
Magnifique Appartement à vendre 77 m² à Marrakech,1078000,"Appartements dans Marrakech, Hay Izdihar",77 m²,2 chambres,2 sdbs,https://www.avito.ma/fr/hay_izdihar/appartements/Magnifique_Appartement_%C3%A0_vendre_77_m%C2%B2_%C3%A0_Marrakech_57790009.htm
CMN-MA-2470 - Appartement à vendre à Les Hôpitaux,1450000,"Appartements dans Casablanca, Quartier des Hôpitaux",117 m²,3 chambres,1 sdb,https://www.avito.ma/fr/quartier_des_h%C3%B4pitaux/appartements/CMN_MA_2470___Appartement_%C3%A0_vendre_%C3%A0_Les_H%C3%B4pitaux_57340348.htm
Appartement 87 m² en vente à Ayn Amir à Fès,560000,"Appartements dans Fès, Ain Amiyer",87 m²,2 chambres,1 sdb,https://www.avito.ma/fr/ain_amiyer/appartements/Appartement_87_m%C2%B2_en_vente_%C3%A0_Ayn_Amir_%C3%A0_F%C3%A8s_57642542.htm
🏢 À VENDRE – Appartement à Val Fleuri (Casa),1650000,"Appartements dans Casablanca, Val Fleuri",128 m²,3 chambres,2 sdbs,https://www.avito.ma/fr/val_fleuri/appartements/___%C3%80_VENDRE___Appartement_%C3%A0_Val_Fleuri__Casa__57753874.htm
Superbe appartement meublé à vendre en centre-ville,1180000,"Appartements dans Tanger, Centre",58 m²,2 chambres,2 sdbs,https://www.avito.ma/fr/centre/appartements/Superbe_appartement_meubl%C3%A9_%C3%A0_vendre_en_centre_ville_57030966.htm
Appartement à vendre 180 m² à Kénitra,1700000,"Appartements dans Kénitra, La Ville Haute",appartement à vendre 180 m² à kénitra,4 chambres,3 sdbs,https://www.avito.ma/fr/la_ville_haute/appartements/Appartement_%C3%A0_vendre_180_m%C2%B2_%C3%A0_K%C3%A9nitra_57774945.htm
Appartement de 3 chambres à vendre près de la station El Jadida Hrarryine,750000,"Appartements dans Tanger, Aharrarine",80 m²,3 chambres,2 sdbs,https://www.avito.ma/fr/aharrarine/appartements/Appartement_de_3_chambres_%C3%A0_vendre_pr%C3%A8s_de_la_station_El_Jadida_Hrarryine_57029815.htm
Joli appartement ensoleillé,1100000,"Appartements dans Marrakech, Guéliz",71 m²,2 chambres,2 sdbs,https://www.avito.ma/fr/gu%C3%A9liz/appartements/Joli_appartement_ensoleill%C3%A9__57523775.htm
Jolie Appartement à vendre 90m² à Casablanca,1100000,"Appartements dans Casablanca, Maarif",jolie appartement à vendre 90m² à casablanca,2 chambres,2 sdbs,https://www.avito.ma/fr/maarif/appartements/Jolie_Appartement_%C3%A0_vendre_90m%C2%B2_%C3%A0_Casablanca_55627072.htm
Appartement à vendre à Résidence tahra,570000,"Appartements dans Mohammedia, El Alia",82 m²,2 chambres,1 sdb,https://www.avito.ma/fr/el_alia/appartements/Appartement_%C3%A0_vendre_%C3%A0_R%C3%A9sidence_tahra_57814915.htm
Appartement à vendre 39 m² à Marrakech,698500,"Appartements dans Marrakech, Route d'Amezmiz",44 m²,1 chambre,1 sdb,https://www.avito.ma/fr/route_d_amezmiz/appartements/Appartement_%C3%A0_vendre_39_m%C2%B2_%C3%A0_Marrakech_57611206.htm
Appartement à vendre 130 m² à plage des nations,1850000,"Appartements dans Sidi Bouknadel, Toute la ville",130 m²,2 chambres,2 sdbs,https://www.avito.ma/fr/sidi_bouknadel/appartements/Appartement_%C3%A0_vendre_130_m%C2%B2_%C3%A0_plage_des_nations_56055121.htm
Appartement à vendre 46 m² à Marrakech,874000,"Appartements dans Marrakech, Guéliz",appartement à vendre 46 m² à marrakech,1 chambre,1 sdb,https://www.avito.ma/fr/gu%C3%A9liz/appartements/Appartement_%C3%A0_vendre_46_m%C2%B2_%C3%A0_Marrakech_57403547.htm
Bel appartement de 90 m² lotissement alliance,620000,"Appartements dans Kénitra, alliance",90 m²,2 chambres,2 sdbs,https://www.avito.ma/fr/alliance/appartements/Bel_appartement_de_90_m%C2%B2_lotissement_alliance_57398679.htm
Appartement à vendre 90 m² à lotissement alliance,640000,"Appartements dans Kénitra, alliance",90 m²,2 chambres,1 sdb,https://www.avito.ma/fr/alliance/appartements/Appartement_%C3%A0_vendre_90_m%C2%B2_%C3%A0_lotissement_alliance_57399192.htm
Joli studio 51 m² Mers Sultan,900000,"Appartements dans Casablanca, Mers Sultan",51 m²,1 chambre,0 sdb,https://www.avito.ma/fr/mers_sultan/appartements/Joli_studio_51_m%C2%B2_Mers_Sultan_57807191.htm
Studio meublé à vendre 50m² à Casablanca Maarif,1100000,"Appartements dans Casablanca, Maarif",studio meublé à vendre 50m² à casablanca maarif,1 chambre,1 sdb,https://www.avito.ma/fr/maarif/appartements/Studio_meubl%C3%A9_%C3%A0_vendre_50m%C2%B2_%C3%A0_Casablanca_Maarif_56313484.htm
Appartement Duplex à vendre 154 m² à Casablanca,1000000,"Appartements dans Casablanca, Hay Mohammadi",174 m²,4 chambres,2 sdbs,https://www.avito.ma/fr/hay_mohammadi/appartements/Appartement_Duplex_%C3%A0_vendre_154_m%C2%B2_%C3%A0_Casablanca_54390927.htm
Appartement Lux 69m,500000,"Appartements dans Had Soualem, Toute la ville",69 m²,2 chambres,2 sdbs,https://www.avito.ma/fr/had_soualem/appartements/Appartement_Lux_69m_47242927.htm
Appartements neufs à vendre près de la nouvelle station routière,,"Appartements dans Tanger, Aharrarine",90 m²,3 chambres,2 sdbs,https://www.avito.ma/fr/aharrarine/appartements/Appartements_neufs_%C3%A0_vendre_pr%C3%A8s_de_la_nouvelle_station_routi%C3%A8re_57563507.htm
Appartement à vendre 96 m² à Marrakech,1350000,"Appartements dans Marrakech, Hay Izdihar",100 m²,2 chambres,2 sdbs,https://www.avito.ma/fr/hay_izdihar/appartements/Appartement_%C3%A0_vendre_96_m%C2%B2_%C3%A0_Marrakech_57814917.htm
Appartement à vendre à Mdiq,860000,"Appartements dans Mdiq, Toute la ville",155 m²,2 chambres,2 sdbs,https://www.avito.ma/fr/mdiq/appartements/Appartement_%C3%A0_vendre_%C3%A0_Mdiq_54821467.htm
Appartement avec cour à Bouznika,710000,"Appartements dans Bouznika, Autre secteur",108 m²,2 chambres,2 sdbs,https://www.avito.ma/fr/autre_secteur/appartements/Appartement_avec_cour_%C3%A0_Bouznika_44799287.htm
Appartement 102m² à vendre Nouaceur,890000,"Appartements dans Nouaceur, Toute la ville",appartement 102m² à vendre nouaceur,2 chambres,2 sdbs,https://www.avito.ma/fr/nouaceur/appartements/Appartement_102m%C2%B2_%C3%A0_vendre_Nouaceur_55837867.htm
Appartement à vendre,11000,"Appartements dans Casablanca, Maarif",142 m²,3 chambres,2 sdbs,https://www.avito.ma/fr/maarif/appartements/Appartement_%C3%A0_vendre_57785030.htm
Appartement neuf 3 chambres 2 balcons et ascenseur,800000,"Appartements dans Marrakech, M'Hamid",,3 chambres,0 sdb,https://www.avito.ma/fr/m_hamid/appartements/Appartement_neuf_3_chambres_2_balcons_et_ascenseur_57732149.htm
Appartement rénové neuf à la Gironde,940000,"Appartements dans Casablanca, La Gironde",80 m²,2 chambres,2 sdbs,https://www.avito.ma/fr/la_gironde/appartements/Appartement_r%C3%A9nov%C3%A9_neuf_%C3%A0_la_Gironde_57717329.htm
Appartement meublé à vendre sur la route Ain Chkef Riyad Yasmin,400000,"Appartements dans Fès, Route Ain Chkaf",84 m²,2 chambres,2 sdbs,https://www.avito.ma/fr/route_ain_chkaf/appartements/Appartement_meubl%C3%A9_%C3%A0_vendre_sur_la_route_Ain_Chkef_Riyad_Yasmin_57050912.htm
Appartement à vendre 65 m² à Marrakech,700000,"Appartements dans Marrakech, Hay Targa",65 m²,3 chambres,2 sdbs,https://www.avito.ma/fr/hay_targa/appartements/Appartement_%C3%A0_vendre_65_m%C2%B2_%C3%A0_Marrakech_57585168.htm
Appartement à vendre 90 m² à Kénitra bir rami,560000,"Appartements dans Kénitra, Bir Rami",90 m²,3 chambres,1 sdb,https://www.avito.ma/fr/bir_rami/appartements/Appartement_%C3%A0_vendre_90_m%C2%B2_%C3%A0_K%C3%A9nitra_bir_rami_57770603.htm
Appartement à vendre à Mghogha – Tanger,230000,"Appartements dans Tanger, Mghogha",45 m²,1 chambre,1 sdb,https://www.avito.ma/fr/mghogha/appartements/Appartement_%C3%A0_vendre_%C3%A0_Mghogha___Tanger_57745830.htm
Appartement neuf à vendre à Almaz,1053000,"Appartements dans Casablanca, Almaz",,2 chambres,2 sdbs,https://www.avito.ma/fr/almaz/appartements/Appartement_neuf_%C3%A0_vendre_%C3%A0_Almaz_56084537.htm
sarout appartement 40m à bouchentouf,115000,"Appartements dans Casablanca, Al Fida",,2 chambres,1 sdb,https://www.avito.ma/fr/al_fida/appartements/sarout_appartement_40m_%C3%A0_bouchentouf_57237692.htm
Appartement double façade & Garçonnière,,"Appartements dans El Jadida, Saada",170 m²,4 chambres,3 sdbs,https://www.avito.ma/fr/saada/appartements/Appartement_double_fa%C3%A7ade___Gar%C3%A7onni%C3%A8re_57376124.htm
Appartement de trois chambres À VENDRE,,"Appartements dans Mohammedia, Al Qods",95 m²,3 chambres,2 sdbs,https://www.avito.ma/fr/al_qods/appartements/Appartement_de_trois_chambres_%C3%80_VENDRE_57712377.htm
Appartements neufs de 73m2 à 91m2 Résidence LINA,11000,"Appartements dans Marrakech, Targa",113 m²,2 chambres,3 sdbs,https://www.avito.ma/fr/targa/appartements/Appartements_neufs_de_73m2_%C3%A0_91m2_R%C3%A9sidence_LINA_56292699.htm
Appartement 78 m² à Vendre à Casa Sidi Maarouf,,"Appartements dans Casablanca, Sidi Maarouf",99 m²,2 chambres,2 sdbs,https://www.avito.ma/fr/sidi_maarouf/appartements/Appartement_78_m%C2%B2_%C3%A0_Vendre_%C3%A0_Casa_Sidi_Maarouf_55770708.htm
"Appart neuf 72,77,87m Sanaobar près Izdihar Charaf",936000,"Appartements dans Marrakech, Hay Izdihar",,3 chambres,0 sdb,https://www.avito.ma/fr/hay_izdihar/appartements/Appart_neuf_72_77_87m_Sanaobar_pr%C3%A8s_Izdihar_Charaf_57314465.htm
Appartement à vendre à Malabata Hills,,"Appartements dans Tanger, Malabata",120 m²,3 chambres,2 sdbs,https://www.avito.ma/fr/malabata/appartements/Appartement_%C3%A0_vendre_%C3%A0_Malabata_Hills_57746484.htm
Appartement à vendre à Ouad law,500000,"Appartements dans Tétouan, Autre secteur",,2 chambres,1 sdb,https://www.avito.ma/fr/autre_secteur/appartements/Appartement_%C3%A0_vendre_%C3%A0_Ouad_law_57745638.htm
Appartement à vendre 113m² Les roches de benslimane,850000,"Appartements dans Benslimane, Autre secteur",appartement à vendre 113m² les roches de benslimane,3 chambres,2 sdbs,https://www.avito.ma/fr/autre_secteur/appartements/Appartement_%C3%A0_vendre_113m%C2%B2_Les_roches_de_benslimane_57043869.htm
APPARTEMENT HAUT STANDING À RIVIERA,1900000,"Appartements dans Casablanca, Riviera",,2 chambres,3 sdbs,https://www.avito.ma/fr/riviera/appartements/APPARTEMENT_HAUT_STANDING_%C3%80_RIVIERA_57699025.htm
"À seulement 38 millions, superbe appartement de 3 chambres à Gzenaya",370000,"Appartements dans Tanger, la Nouvelle Ville Ibn Battouta",,3 chambres,2 sdbs,https://www.avito.ma/fr/la_nouvelle_ville_ibn_battouta/appartements/%C3%80_seulement_38_millions__superbe_appartement_de_3_chambres_%C3%A0_Gzenaya_57531482.htm
Appartement à vendre 170 m² à Rabat,3450000,"Appartements dans Rabat, Hay Riad",170 m²,3 chambres,2 sdbs,https://www.avito.ma/fr/hay_riad/appartements/Appartement_%C3%A0_vendre_170_m%C2%B2_%C3%A0_Rabat_57833782.htm
Appartement à vendre 58 m² à Marrakech,1350000,"Appartements dans Marrakech, Victor Hugo",appartement à vendre 58 m² à marrakech,1 chambre,2 sdbs,https://www.avito.ma/fr/victor_hugo/appartements/Appartement_%C3%A0_vendre_58_m%C2%B2_%C3%A0_Marrakech_57606723.htm
Appartement à vendre 85 m² à Casablanca,950000,"Appartements dans Casablanca, Belvédère",appartement à vendre 85 m² à casablanca,2 chambres,1 sdb,https://www.avito.ma/fr/belv%C3%A9d%C3%A8re/appartements/Appartement_%C3%A0_vendre_85_m%C2%B2_%C3%A0_Casablanca_54418643.htm
CMN-AN-1884 - Appartement à vendre à Bourgogne,1300000,"Appartements dans Casablanca, Bourgogne",80 m²,2 chambres,1 sdb,https://www.avito.ma/fr/bourgogne/appartements/CMN_AN_1884___Appartement_%C3%A0_vendre_%C3%A0_Bourgogne_57370097.htm
CMN-SI-1879 - Appartement à vendre à Ziraoui,3480000,"Appartements dans Casablanca, Bourgogne",260 m²,3 chambres,2 sdbs,https://www.avito.ma/fr/bourgogne/appartements/CMN_SI_1879___Appartement_%C3%A0_vendre_%C3%A0_Ziraoui_57331613.htm
Appartement d'Exception Vue Panoramique à Hassan,3890000,"Appartements dans Rabat, Hassan",,3 chambres,2 sdbs,https://www.avito.ma/fr/hassan/appartements/Appartement_d_Exception_Vue_Panoramique_%C3%A0_Hassan_57723200.htm
3 Chambres à vendre 112 m² à Californie,2000000,"Appartements dans Casablanca, Californie",117 m²,3 chambres,2 sdbs,https://www.avito.ma/fr/californie/appartements/3_Chambres_%C3%A0_vendre_112_m%C2%B2_%C3%A0_Californie_56564980.htm
Appartement à Atlas golf Resort à Marrakech,2100000,"Appartements dans Marrakech, Annakhil",140 m²,2 chambres,2 sdbs,https://www.avito.ma/fr/annakhil/appartements/Appartement_%C3%A0_Atlas_golf_Resort_%C3%A0_Marrakech_57615030.htm
Appartement à vendre à Settat,200000,"Appartements dans Settat, Toute la ville",,2 chambres,1 sdb,https://www.avito.ma/fr/settat/appartements/Appartement_%C3%A0_vendre_%C3%A0_Settat_56272168.htm
CMN-SI-1879 - Appartement à vendre à Ziraoui,3480000,"Appartements dans Casablanca, Bourgogne",260 m²,3 chambres,2 sdbs,https://www.avito.ma/fr/bourgogne/appartements/CMN_SI_1879___Appartement_%C3%A0_vendre_%C3%A0_Ziraoui_57331613.htm
Appartement 3 chambres à vendre 117 m² à Marrakech,,"Appartements dans Marrakech, Route de Safi",117 m²,3 chambres,2 sdbs,https://www.avito.ma/fr/route_de_safi/appartements/Appartement_3_chambres_%C3%A0_vendre_117_m%C2%B2_%C3%A0_Marrakech_57546872.htm
Appartement à vendre 180 m² à Casablanca,2700000,"Appartements dans Casablanca, Maarif",200 m²,4 chambres,3 sdbs,https://www.avito.ma/fr/maarif/appartements/Appartement_%C3%A0_vendre_180_m%C2%B2_%C3%A0_Casablanca_57839155.htm
Appartement 122m² à Belvédère à vendre à Casa.,1100000,"Appartements dans Casablanca, Belvédère",appartement 122m² à belvédère à vendre à casa.,2 chambres,2 sdbs,https://www.avito.ma/fr/belv%C3%A9d%C3%A8re/appartements/Appartement_122m%C2%B2_%C3%A0_Belv%C3%A9d%C3%A8re_%C3%A0_vendre_%C3%A0_Casa__54407975.htm
Appartement à vendre 120m² H Mohammadi Casablanca,850000,"Appartements dans Casablanca, Hay Mohammadi",120 m²,2 chambres,1 sdb,https://www.avito.ma/fr/hay_mohammadi/appartements/Appartement_%C3%A0_vendre_120m%C2%B2_H_Mohammadi_Casablanca_57309014.htm
Élégant Studio à vendre 63 m² à Marrakech,1134000,"Appartements dans Marrakech, Guéliz",63 m²,1 chambre,1 sdb,https://www.avito.ma/fr/gu%C3%A9liz/appartements/%C3%89l%C3%A9gant_Studio_%C3%A0_vendre_63_m%C2%B2_%C3%A0_Marrakech_57765732.htm
Appartement Hiba 135m avec ascenseur et garage,,"Appartements dans Tamesna, Toute la ville",,3 chambres,3 sdbs,https://www.avito.ma/fr/tamesna/appartements/Appartement_Hiba_135m_avec_ascenseur_et_garage_56519671.htm
VENTE D’UN BEL APPARTEMENT DE 117M2,1900000,"Appartements dans Casablanca, Les Princesses",117 m²,3 chambres,2 sdbs,https://www.avito.ma/fr/les_princesses/appartements/VENTE_D_UN_BEL_APPARTEMENT_DE_117M2_56886880.htm
2 Ou 3 Pièces Avec Piscine Au Coeur De Marrakech,870000,"Appartements dans Marrakech, Route de Casablanca",,1 chambre,1 sdb,https://www.avito.ma/fr/route_de_casablanca/appartements/2_Ou_3_Pi%C3%A8ces_Avec_Piscine_Au_Coeur_De_Marrakech_57764279.htm
Appartement 236m² à Gauthier Consulat d'Italie,3200000,"Appartements dans Casablanca, Gauthier",272 m²,4 chambres,3 sdbs,https://www.avito.ma/fr/gauthier/appartements/Appartement_236m%C2%B2_%C3%A0_Gauthier_Consulat_d_Italie_56634956.htm
Appartement à vendre 78 m² à Deroua,460000,"Appartements dans Deroua, Toute la ville",78 m²,2 chambres,1 sdb,https://www.avito.ma/fr/deroua/appartements/Appartement_%C3%A0_vendre_78_m%C2%B2_%C3%A0_Deroua_57721736.htm
Appartement à vendre à Sonaba,2200000,"Appartements dans Agadir, Founty",,3 chambres,2 sdbs,https://www.avito.ma/fr/founty/appartements/Appartement_%C3%A0_vendre_%C3%A0_Sonaba_57486945.htm
Appartement Moderne à Yassmine Bouskoura,,"Appartements dans Bouskoura, Bouskoura centre",51 m²,2 chambres,2 sdbs,https://www.avito.ma/fr/bouskoura_centre/appartements/Appartement_Moderne_%C3%A0_Yassmine_Bouskoura_57606479.htm
Appartement à vendre 134 m² à Casablanca,3000000,"Appartements dans Casablanca, Racine",154 m²,3 chambres,3 sdbs,https://www.avito.ma/fr/racine/appartements/Appartement_%C3%A0_vendre_134_m%C2%B2_%C3%A0_Casablanca_57789942.htm
Appartement à vendre 97 m² à Meknès,,"Appartements dans Meknès, Ville Nouvelle",102 m²,3 chambres,2 sdbs,https://www.avito.ma/fr/ville_nouvelle/appartements/Appartement_%C3%A0_vendre_97_m%C2%B2_%C3%A0_Mekn%C3%A8s_57274144.htm
Bel appartement... orientation sud,2150000,"Appartements dans Casablanca, Les Princesses",165 m²,3 chambres,2 sdbs,https://www.avito.ma/fr/les_princesses/appartements/Bel_appartement____orientation_sud_56943177.htm
Appartement en face de la plage 72 m² à Martil.,1200000,"Appartements dans Martil, Toute la ville",72 m²,2 chambres,1 sdb,https://www.avito.ma/fr/martil/appartements/Appartement_en_face_de_la_plage_72_m%C2%B2_%C3%A0_Martil__56700135.htm
Appartement neuf à vendre dans le quartier Al-Azhar – Bernoussi (Casablanca),,"Appartements dans Casablanca, Autre secteur",,3 chambres,2 sdbs,https://www.avito.ma/fr/autre_secteur/appartements/Appartement_neuf_%C3%A0_vendre_dans_le_quartier_Al_Azhar___Bernoussi__Casablanca__56592050.htm
Appartement à vendre 176 m² à Tanger,3500000,"Appartements dans Tanger, Administratif",176 m²,4 chambres,2 sdbs,https://www.avito.ma/fr/administratif/appartements/Appartement_%C3%A0_vendre_176_m%C2%B2_%C3%A0_Tanger_57778075.htm
Appartements à vendre,2432000,"Appartements dans Agadir, Haut-Founty",128 m²,3 chambres,3 sdbs,https://www.avito.ma/fr/haut_founty/appartements/Appartements_%C3%A0_vendre_57804375.htm
Appartement à vendre 78 m² à Marrakech,1800000,"Appartements dans Marrakech, Agdal",118 m²,2 chambres,2 sdbs,https://www.avito.ma/fr/agdal/appartements/Appartement_%C3%A0_vendre_78_m%C2%B2_%C3%A0_Marrakech_56438709.htm
Appartement à vendre 105 m² à Casablanca maarif,1450000,"Appartements dans Casablanca, Les Princesses",appartement à vendre 105 m² à casablanca maarif,2 chambres,2 sdbs,https://www.avito.ma/fr/les_princesses/appartements/Appartement_%C3%A0_vendre_105_m%C2%B2_%C3%A0_Casablanca_maarif_57532917.htm
Appartement à vendre 60 m² à Tanger,,"Appartements dans Tanger, Marjane",60 m²,2 chambres,1 sdb,https://www.avito.ma/fr/marjane/appartements/Appartement_%C3%A0_vendre_60_m%C2%B2_%C3%A0_Tanger_57824346.htm
Appartement à vendre 172 m² à Casablanca,2100000,"Appartements dans Casablanca, 2 Mars",172 m²,3 chambres,3 sdbs,https://www.avito.ma/fr/2_mars/appartements/Appartement_%C3%A0_vendre_172_m%C2%B2_%C3%A0_Casablanca_57382833.htm
Deux appartements à vendre derrière le complexe Al Hosni - par cession,560000,"Appartements dans Tanger, Hay Hassani",60 m²,2 chambres,1 sdb,https://www.avito.ma/fr/hay_hassani/appartements/Deux_appartements_%C3%A0_vendre_derri%C3%A8re_le_complexe_Al_Hosni___par_cession_57635187.htm
Duplex RDC 99m2 Madame Plaza près de Marjane,1100000,"Appartements dans Marrakech, Av Abdelkrim El Khattabi",,2 chambres,2 sdbs,https://www.avito.ma/fr/av_abdelkrim_el_khattabi/appartements/Duplex_RDC_99m2_Madame_Plaza_pr%C3%A8s_de_Marjane_57681378.htm
Charmant appartement à vendre - Résidence OUBAHA,1150000,"Appartements dans El Mansouria, Toute la ville",100 m²,3 chambres,2 sdbs,https://www.avito.ma/fr/el_mansouria/appartements/Charmant_appartement_%C3%A0_vendre___R%C3%A9sidence_OUBAHA_57256920.htm
Bonne affaire sur la corniche,850000,"Appartements dans Tanger, Centre ville",64 m²,2 chambres,1 sdb,https://www.avito.ma/fr/centre_ville/appartements/Bonne_affaire_sur_la_corniche_57817834.htm
Appartement 76m Neuf A Maarif Ex,1460000,"Appartements dans Casablanca, Maarif",76 m²,2 chambres,2 sdbs,https://www.avito.ma/fr/maarif/appartements/Appartement_76m_Neuf_A_Maarif_Ex_57712316.htm
Bel appartement en rez de jardin sur résidence,3300000,"Appartements dans Marrakech, Agdal",100 m²,3 chambres,2 sdbs,https://www.avito.ma/fr/agdal/appartements/Bel_appartement_en_rez_de_jardin_sur_r%C3%A9sidence_57536307.htm
Appartement à vendre 102 m² à Agadir,2750000,"Appartements dans Agadir, Founty",appartement à vendre 102 m² à agadir,2 chambres,3 sdbs,https://www.avito.ma/fr/founty/appartements/Appartement_%C3%A0_vendre_102_m%C2%B2_%C3%A0_Agadir_57094364.htm
Appartement à vendre 95 m² à Marrakech,1350000,"Appartements dans Marrakech, Route de Safi",95 m²,2 chambres,1 sdb,https://www.avito.ma/fr/route_de_safi/appartements/Appartement_%C3%A0_vendre_95_m%C2%B2_%C3%A0_Marrakech_57746811.htm
Appartement neuf et équipé de haute qualité,525000,"Appartements dans Meknès, Autre secteur",110 m²,3 chambres,1 sdb,https://www.avito.ma/fr/autre_secteur/appartements/Appartement_neuf_et_%C3%A9quip%C3%A9_de_haute_qualit%C3%A9_57780125.htm
Superbe appartement familial au cœur Racine,4216000,"Appartements dans Casablanca, Racine",284 m²,3 chambres,3 sdbs,https://www.avito.ma/fr/racine/appartements/Superbe_appartement_familial_au_c_ur_Racine_57790576.htm
Appartement à vendre à Ouad law,500000,"Appartements dans Tétouan, Autre secteur",,2 chambres,1 sdb,https://www.avito.ma/fr/autre_secteur/appartements/Appartement_%C3%A0_vendre_%C3%A0_Ouad_law_57745638.htm
Appartement à vendre Hivernage marrakech,14500,"Appartements dans Marrakech, Hivernage",85 m²,2 chambres,2 sdbs,https://www.avito.ma/fr/hivernage/appartements/Appartement_%C3%A0_vendre_Hivernage_marrakech_57224477.htm
Appartement à vendre 61 m² à Marrakech,1530000,"Appartements dans Marrakech, Guéliz",61 m²,1 chambre,1 sdb,https://www.avito.ma/fr/gu%C3%A9liz/appartements/Appartement_%C3%A0_vendre_61_m%C2%B2_%C3%A0_Marrakech_57656693.htm
Grand Appartement Plein Centre de Kénitra 154 m²,1360000,"Appartements dans Kénitra, Centre",154 m²,3 chambres,2 sdbs,https://www.avito.ma/fr/centre/appartements/Grand_Appartement_Plein_Centre_de_K%C3%A9nitra_154_m%C2%B2_57587635.htm
Appartement à vendre 65 m² à Martil,480000,"Appartements dans Martil, Toute la ville",appartement à vendre 65 m² à martil,2 chambres,1 sdb,https://www.avito.ma/fr/martil/appartements/Appartement_%C3%A0_vendre_65_m%C2%B2_%C3%A0_Martil_55449361.htm
CMN-MA-1866 - Appartement à vendre à Les princesses,1330000,"Appartements dans Casablanca, Les Princesses",106 m²,2 chambres,1 sdb,https://www.avito.ma/fr/les_princesses/appartements/CMN_MA_1866___Appartement_%C3%A0_vendre_%C3%A0_Les_princesses_55872150.htm
Appartement Haut standing à vendre / piscine,1900000,"Appartements dans Marrakech, Ain Mezouar",100 m²,3 chambres,2 sdbs,https://www.avito.ma/fr/ain_mezouar/appartements/Appartement_Haut_standing_%C3%A0_vendre___piscine_57824629.htm
Bon plan Appartement à vendre 64 m² à Mohammedia,450000,"Appartements dans Mohammedia, Autre secteur",bon plan appartement à vendre 64 m² à mohammedia,2 chambres,0 sdb,https://www.avito.ma/fr/autre_secteur/appartements/Bon_plan_Appartement_%C3%A0_vendre_64_m%C2%B2_%C3%A0_Mohammedia_57839057.htm
Bel appartement,395000,"Appartements dans Saidia, Toute la ville",76 m²,3 chambres,2 sdbs,https://www.avito.ma/fr/saidia/appartements/Bel_appartement_57263311.htm
Appartement à vendre 186 m² à Tanger,7200000,"Appartements dans Tanger, Malabata",186 m²,4 chambres,2 sdbs,https://www.avito.ma/fr/malabata/appartements/Appartement_%C3%A0_vendre_186_m%C2%B2_%C3%A0_Tanger_57325686.htm
Appartement neuf à Sala El Jadida,1099800,"Appartements dans Salé, Sala El Jadida",94 m²,2 chambres,2 sdbs,https://www.avito.ma/fr/sala_el_jadida/appartements/Appartement_neuf_%C3%A0_Sala_El_Jadida_53271053.htm
Très bel Appartement 124m² à vendre - Gauthier 4ème étage,2750000,"Appartements dans Casablanca, Maarif",très bel appartement 124m² à vendre - gauthier 4ème étage,2 chambres,2 sdbs,https://www.avito.ma/fr/maarif/appartements/Tr%C3%A8s_bel_Appartement_124m%C2%B2_%C3%A0_vendre___Gauthier_4%C3%A8me_%C3%A9tage_57839033.htm
Appartement à vendre 110 m² à Bouznika,1670000,"Appartements dans Bouznika, Autre secteur",118 m²,3 chambres,2 sdbs,https://www.avito.ma/fr/autre_secteur/appartements/Appartement_%C3%A0_vendre_110_m%C2%B2_%C3%A0_Bouznika_57256859.htm
Appartement 87 m² en vente près clinique kawtar,650000,"Appartements dans Fès, Ain Amiyer",87 m²,3 chambres,2 sdbs,https://www.avito.ma/fr/ain_amiyer/appartements/Appartement_87_m%C2%B2_en_vente_pr%C3%A8s_clinique_kawtar_57151475.htm
"Studio neuf à vendre – Bourgogne, Casablanca",1270000,"Appartements dans Casablanca, Bourgogne",66 m²,1 chambre,1 sdb,https://www.avito.ma/fr/bourgogne/appartements/Studio_neuf_%C3%A0_vendre___Bourgogne__Casablanca_57765581.htm
Appartements à vendre,2800000,"Appartements dans Agadir, Haut-Founty",150 m²,3 chambres,3 sdbs,https://www.avito.ma/fr/haut_founty/appartements/Appartements_%C3%A0_vendre_57804087.htm
Appartement à vendre 150 m² à Casablanca,3400000,"Appartements dans Casablanca, Oasis",163 m²,3 chambres,2 sdbs,https://www.avito.ma/fr/oasis/appartements/Appartement_%C3%A0_vendre_150_m%C2%B2_%C3%A0_Casablanca_57723071.htm
CMN-AC-2017 - Appartement à vendre à Californie,1690000,"Appartements dans Casablanca, Californie",144 m²,2 chambres,2 sdbs,https://www.avito.ma/fr/californie/appartements/CMN_AC_2017___Appartement_%C3%A0_vendre_%C3%A0_Californie_57245074.htm
Appartement à vendre à Mesnana Golf Tanger,650000,"Appartements dans Tanger, Mesnana",,2 chambres,1 sdb,https://www.avito.ma/fr/mesnana/appartements/Appartement_%C3%A0_vendre_%C3%A0_Mesnana_Golf_Tanger_57838970.htm
Studio 42m Neuf Maarif Proche BD Biranzaran,980000,"Appartements dans Casablanca, Maarif",42 m²,1 chambre,1 sdb,https://www.avito.ma/fr/maarif/appartements/Studio_42m_Neuf_Maarif_Proche_BD_Biranzaran_57785117.htm
Appartement à vendre 176 m² à Martil,,"Appartements dans Martil, Toute la ville",176 m²,3 chambres,2 sdbs,https://www.avito.ma/fr/martil/appartements/Appartement_%C3%A0_vendre_176_m%C2%B2_%C3%A0_Martil_57838951.htm
Appartement 147 M² à Mohammedia,1650000,"Appartements dans Mohammedia, Autre secteur",14 m²,2 chambres,1 sdb,https://www.avito.ma/fr/autre_secteur/appartements/Appartement_147_M%C2%B2_%C3%A0_Mohammedia_57761127.htm
Appartement à vendre à Oulfa,700000,"Appartements dans Casablanca, Oulfa",73 m²,2 chambres,2 sdbs,https://www.avito.ma/fr/oulfa/appartements/Appartement_%C3%A0_vendre_%C3%A0_Oulfa_57712644.htm
Studio à vendre 51m² à Gauthier,1000000,"Appartements dans Casablanca, Gauthier",studio à vendre 51m² à gauthier,1 chambre,1 sdb,https://www.avito.ma/fr/gauthier/appartements/Studio_%C3%A0_vendre_51m%C2%B2_%C3%A0_Gauthier_57061039.htm
Appartement de 95 m² de Luxe Neuf à Vendre,,"Appartements dans Tanger, Du Golf",appartement de 95 m² de luxe neuf à vendre,3 chambres,3 sdbs,https://www.avito.ma/fr/du_golf/appartements/Appartement_de_95_m%C2%B2_de_Luxe_Neuf_%C3%A0_Vendre_56767719.htm
Offre à ne pas rater,960000,"Appartements dans Agadir, El Houda",,2 chambres,2 sdbs,https://www.avito.ma/fr/el_houda/appartements/Offre_%C3%A0_ne_pas_rater_57798454.htm
Appartements à vendre,1400000,"Appartements dans Agadir, Haut-Founty",70 m²,2 chambres,2 sdbs,https://www.avito.ma/fr/haut_founty/appartements/Appartements_%C3%A0_vendre_57803975.htm
Appartement à vendre 52 m² à Marrakech,1200000,"Appartements dans Marrakech, Guéliz",52 m²,1 chambre,1 sdb,https://www.avito.ma/fr/gu%C3%A9liz/appartements/Appartement_%C3%A0_vendre_52_m%C2%B2_%C3%A0_Marrakech_56035043.htm
Appartements de luxe à Bouremana,870000,"Appartements dans Fès, Agdal",120 m²,3 chambres,,https://www.avito.ma/fr/agdal/appartements/Appartements_de_luxe_%C3%A0_Bouremana_48808599.htm
Appartement à vendre à Marina Golf Asilah,950000,"Appartements dans Asilah, Toute la ville",150 m²,2 chambres,1 sdb,https://www.avito.ma/fr/asilah/appartements/Appartement_%C3%A0_vendre_%C3%A0_Marina_Golf_Asilah_57769496.htm
Appartement à vendre 133 m² sur 2 mars,1700000,"Appartements dans Casablanca, 2 Mars",133 m²,3 chambres,2 sdbs,https://www.avito.ma/fr/2_mars/appartements/Appartement_%C3%A0_vendre_133_m%C2%B2_sur_2_mars_57696869.htm
Beau studio à Madame plaza entre Mc Do et Marjane,750000,"Appartements dans Marrakech, Av Abdelkrim El Khattabi",,1 chambre,1 sdb,https://www.avito.ma/fr/av_abdelkrim_el_khattabi/appartements/Beau_studio_%C3%A0_Madame_plaza_entre_Mc_Do_et_Marjane_57576826.htm
Appartement à vendre 78 m² à Tanger,1205099,"Appartements dans Tanger, Ahlane",appartement à vendre 78 m² à tanger,3 chambres,2 sdbs,https://www.avito.ma/fr/ahlane/appartements/Appartement_%C3%A0_vendre_78_m%C2%B2_%C3%A0_Tanger_57262591.htm
Appartement à vendre 72 m² à Rachédia 2 Fes,450000,"Appartements dans Fès, Autre secteur",72 m²,2 chambres,1 sdb,https://www.avito.ma/fr/autre_secteur/appartements/Appartement_%C3%A0_vendre_72_m%C2%B2_%C3%A0_Rach%C3%A9dia_2_Fes_57616573.htm
Appartement à vendre à Berrechid El Qabbah,340000,"Appartements dans Berrechid, Toute la ville",70 m²,2 chambres,1 sdb,https://www.avito.ma/fr/berrechid/appartements/Appartement_%C3%A0_vendre_%C3%A0_Berrechid_El_Qabbah_57707198.htm
Appartement 112 m² près café Mégad’Or à Fès,650000,"Appartements dans Fès, Route Ain Chkaf",112 m²,3 chambres,2 sdbs,https://www.avito.ma/fr/route_ain_chkaf/appartements/Appartement_112_m%C2%B2_pr%C3%A8s_caf%C3%A9_M%C3%A9gad_Or_%C3%A0_F%C3%A8s_57370688.htm
Appartement à vendre 77 m² à Salé Said Hajii,,"Appartements dans Salé, Said Hajji",77 m²,2 chambres,1 sdb,https://www.avito.ma/fr/said_hajji/appartements/Appartement_%C3%A0_vendre_77_m%C2%B2_%C3%A0_Sal%C3%A9_Said_Hajii_57223332.htm
Appartement à vendre 50 m² à Rabat-Agdal,1400000,"Appartements dans Rabat, Agdal",appartement à vendre 50 m² à rabat-agdal,1 chambre,2 sdbs,https://www.avito.ma/fr/agdal/appartements/Appartement_%C3%A0_vendre_50_m%C2%B2_%C3%A0_Rabat_Agdal_57838926.htm
Studio à vendre 52 m² à Californie,1100000,"Appartements dans Casablanca, Californie",58 m²,1 chambre,1 sdb,https://www.avito.ma/fr/californie/appartements/Studio_%C3%A0_vendre_52_m%C2%B2_%C3%A0_Californie_56564882.htm
Magnifique Appartement à vendre 77 m² à Marrakech,1078000,"Appartements dans Marrakech, Hay Izdihar",77 m²,2 chambres,2 sdbs,https://www.avito.ma/fr/hay_izdihar/appartements/Magnifique_Appartement_%C3%A0_vendre_77_m%C2%B2_%C3%A0_Marrakech_57790009.htm
Penthouse neuf de haut standing à El Menzah (Km17),,"Appartements dans El Menzeh, Toute la ville",242 m²,5 chambres,6 sdbs,https://www.avito.ma/fr/el_menzeh/appartements/Penthouse_neuf_de_haut_standing_%C3%A0_El_Menzah__Km17__57711852.htm
Appartement à vendre – Marrakech,600000,"Appartements dans Marrakech, Hay Charaf",59 m²,2 chambres,1 sdb,https://www.avito.ma/fr/hay_charaf/appartements/Appartement_%C3%A0_vendre___Marrakech_57775121.htm
Appartement à vendre 45 m² à Marrakech,880000,"Appartements dans Marrakech, Victor Hugo",appartement à vendre 45 m² à marrakech,1 chambre,1 sdb,https://www.avito.ma/fr/victor_hugo/appartements/Appartement_%C3%A0_vendre_45_m%C2%B2_%C3%A0_Marrakech_57118825.htm
Appartement à vendre à saidia proche de la plage,,"Appartements dans Saidia, Toute la ville",,2 chambres,1 sdb,https://www.avito.ma/fr/saidia/appartements/Appartement_%C3%A0_vendre_%C3%A0_saidia_proche_de_la_plage_28498136.htm
Appartements à vendre 64 m² à Ben Guerir,300000,"Appartements dans Ben Guerir, Toute la ville",64 m²,3 chambres,2 sdbs,https://www.avito.ma/fr/ben_guerir/appartements/Appartements_%C3%A0_vendre_64_m%C2%B2_%C3%A0_Ben_Guerir_57735424.htm
Appartement à vendre 80 m² à Kénitra,490000,"Appartements dans Kénitra, Seyad",80 m²,2 chambres,1 sdb,https://www.avito.ma/fr/seyad/appartements/Appartement_%C3%A0_vendre_80_m%C2%B2_%C3%A0_K%C3%A9nitra_57727010.htm
CMN-SI-1881 - Appartement à vendre à Bourgogne Est,1800000,"Appartements dans Casablanca, Bourgogne",103 m²,3 chambres,2 sdbs,https://www.avito.ma/fr/bourgogne/appartements/CMN_SI_1881___Appartement_%C3%A0_vendre_%C3%A0_Bourgogne_Est_57341638.htm
Appartement à vendre 170 m² à CFC,4200000,"Appartements dans Casablanca, Casablanca Finance City",170 m²,3 chambres,3 sdbs,https://www.avito.ma/fr/casablanca_finance_city/appartements/Appartement_%C3%A0_vendre_170_m%C2%B2_%C3%A0_CFC_57775845.htm
BEN-MA-1118 - Appartement à vendre à Mansouria-B...,1200000,"Appartements dans Benslimane, Autre secteur",98 m²,2 chambres,1 sdb,https://www.avito.ma/fr/autre_secteur/appartements/BEN_MA_1118___Appartement_%C3%A0_vendre_%C3%A0_Mansouria_B____57276565.htm
Appartement à vendre à 3 min du stade de Tanger,970000,"Appartements dans Tanger, Zemmouri",75 m²,2 chambres,1 sdb,https://www.avito.ma/fr/zemmouri/appartements/Appartement_%C3%A0_vendre_%C3%A0_3_min_du_stade_de_Tanger_57704607.htm
"Appartements finis à vendre, Jardins de Zenata, route de Rabat",,"Appartements dans Tanger, Centre",,2 chambres,1 sdb,https://www.avito.ma/fr/centre/appartements/Appartements_finis_%C3%A0_vendre__Jardins_de_Zenata__route_de_Rabat_56506069.htm
Appartement Maamora Centre Ville Kénitra,1490000,"Appartements dans Kénitra, Maamora",,2 chambres,2 sdbs,https://www.avito.ma/fr/maamora/appartements/Appartement_Maamora_Centre_Ville_K%C3%A9nitra_57261794.htm
Appartement à vendre à Ain Sebaa,1070000,"Appartements dans Casablanca, Ain Sebaa",,2 chambres,1 sdb,https://www.avito.ma/fr/ain_sebaa/appartements/Appartement_%C3%A0_vendre_%C3%A0_Ain_Sebaa_57429036.htm
Appartement à vendre 128 m² à Bouskoura,1300000,"Appartements dans Bouskoura, Victoria",140 m²,3 chambres,2 sdbs,https://www.avito.ma/fr/victoria/appartements/Appartement_%C3%A0_vendre_128_m%C2%B2_%C3%A0_Bouskoura_57814586.htm
Appartement neuf à vendre Ain Sebaa,1070000,"Appartements dans Casablanca, Ain Sebaa",81 m²,2 chambres,2 sdbs,https://www.avito.ma/fr/ain_sebaa/appartements/Appartement_neuf_%C3%A0_vendre_Ain_Sebaa_57342001.htm
Appartement à vendre à Bouznika,,"Appartements dans Bouznika, Autre secteur",84 m²,3 chambres,2 sdbs,https://www.avito.ma/fr/autre_secteur/appartements/Appartement_%C3%A0_vendre_%C3%A0_Bouznika_56685321.htm
Appartement triplex à vendre 128m² à HM Casablanca,850000,"Appartements dans Casablanca, Hay Mohammadi",128 m²,4 chambres,2 sdbs,https://www.avito.ma/fr/hay_mohammadi/appartements/Appartement_triplex_%C3%A0_vendre_128m%C2%B2_%C3%A0_HM_Casablanca_57029102.htm
"Bel appartement à vendre Bourgogne, My Youssef",1280000,"Appartements dans Casablanca, Bourgogne",93 m²,2 chambres,2 sdbs,https://www.avito.ma/fr/bourgogne/appartements/Bel_appartement_%C3%A0_vendre_Bourgogne__My_Youssef_57793674.htm
"Appartement à El Jadida, quartier El Milha, sur la rue",550000,"Appartements dans El Jadida, Mouilha",88 m²,2 chambres,1 sdb,https://www.avito.ma/fr/mouilha/appartements/Appartement_%C3%A0_El_Jadida__quartier_El_Milha__sur_la_rue_57335734.htm
Appartement 82 m2 résidence Ricoflores piscine,860000,"Appartements dans Mohammedia, Centre Ville",82 m²,2 chambres,1 sdb,https://www.avito.ma/fr/centre_ville/appartements/Appartement_82_m2_r%C3%A9sidence_Ricoflores_piscine_57355316.htm
"Duplex avec garage privé Sidi Maarouf, Essaada",1650000,"Appartements dans Casablanca, Sidi Maarouf",159 m²,2 chambres,3 sdbs,https://www.avito.ma/fr/sidi_maarouf/appartements/Duplex_avec_garage_priv%C3%A9_Sidi_Maarouf__Essaada_57819495.htm
Des apt neuf a vendre 85 m2 tanger,1147500,"Appartements dans Tanger, Marjane",96 m²,2 chambres,2 sdbs,https://www.avito.ma/fr/marjane/appartements/Des_apt_neuf_a_vendre_85_m2_tanger_57284651.htm
Appartement à vendre 165 m² La perle D'Agadir,2272500,"Appartements dans Agadir, Talborjt",165 m²,4 chambres,1 sdb,https://www.avito.ma/fr/talborjt/appartements/Appartement_%C3%A0_vendre_165_m%C2%B2_La_perle_D_Agadir_56449554.htm
Appartement à vendre 94 m² sur bourgogne,1750000,"Appartements dans Casablanca, Bourgogne",94 m²,2 chambres,0 sdb,https://www.avito.ma/fr/bourgogne/appartements/Appartement_%C3%A0_vendre_94_m%C2%B2_sur_bourgogne_57729273.htm
Appartement à vendre 70 m² à Kénitra,360000,"Appartements dans Kénitra, Bir Rami",70 m²,2 chambres,2 sdbs,https://www.avito.ma/fr/bir_rami/appartements/Appartement_%C3%A0_vendre_70_m%C2%B2_%C3%A0_K%C3%A9nitra_57722547.htm
Appartement à vendre 120 m² à Tanger,2500000,"Appartements dans Tanger, Autre secteur",165 m²,2 chambres,2 sdbs,https://www.avito.ma/fr/autre_secteur/appartements/Appartement_%C3%A0_vendre_120_m%C2%B2_%C3%A0_Tanger_57778013.htm
Appartement à vendre 89 m² à Tanger malabata,2136000,"Appartements dans Tanger, Malabata",89 m²,2 chambres,1 sdb,https://www.avito.ma/fr/malabata/appartements/Appartement_%C3%A0_vendre_89_m%C2%B2_%C3%A0_Tanger_malabata_57316793.htm
Appartement à vendre à Meknès,,"Appartements dans Meknès, Autre secteur",97 m²,3 chambres,2 sdbs,https://www.avito.ma/fr/autre_secteur/appartements/Appartement_%C3%A0_vendre_%C3%A0_Mekn%C3%A8s_56553069.htm
À vendre Superbe appartement 3 ch-Jnane Californie,1900000,"Appartements dans Casablanca, Californie",119 m²,3 chambres,2 sdbs,https://www.avito.ma/fr/californie/appartements/%C3%80_vendre_Superbe_appartement_3_ch_Jnane_Californie_57815555.htm
Appartement à vendre 83 m² à guéliz Marrakech,1650000,"Appartements dans Marrakech, Guéliz",80 m²,2 chambres,1 sdb,https://www.avito.ma/fr/gu%C3%A9liz/appartements/Appartement_%C3%A0_vendre_83_m%C2%B2_%C3%A0_gu%C3%A9liz_Marrakech_55798412.htm
appartement a vendre meuble,600000,"Appartements dans Marrakech, Route de Casablanca",52 m²,2 chambres,1 sdb,https://www.avito.ma/fr/route_de_casablanca/appartements/appartement_a_vendre_meuble_57699894.htm
Bel appart RDC SUR centre ville,650000,"Appartements dans Mohammedia, Centre Ville",80 m²,2 chambres,1 sdb,https://www.avito.ma/fr/centre_ville/appartements/Bel_appart_RDC_SUR_centre_ville_55947144.htm
Appartement Valencia Beach Mansouria,840000,"Appartements dans Mohammedia, Corniche",89 m²,2 chambres,1 sdb,https://www.avito.ma/fr/corniche/appartements/Appartement_Valencia_Beach_Mansouria_57224794.htm
Appartement 86m² à vendre – Al Azdihar Marrakech,1300000,"Appartements dans Marrakech, Hay Izdihar",86 m²,2 chambres,2 sdbs,https://www.avito.ma/fr/hay_izdihar/appartements/Appartement_86m%C2%B2_%C3%A0_vendre___Al_Azdihar_Marrakech_57834491.htm
Appartement 126m² 4ème étg. terrasse à Maârif,1450000,"Appartements dans Casablanca, Val Fleuri",126 m²,2 chambres,2 sdbs,https://www.avito.ma/fr/val_fleuri/appartements/Appartement_126m%C2%B2_4%C3%A8me_%C3%A9tg__terrasse_%C3%A0_Ma%C3%A2rif_56872194.htm
Appartement à vendre à Cabo Negro,1400000,"Appartements dans Cabo Negro, Toute la ville",75 m²,1 chambre,1 sdb,https://www.avito.ma/fr/cabo_negro/appartements/Appartement_%C3%A0_vendre_%C3%A0_Cabo_Negro_57745510.htm
Appartement économique à vendre,190000,"Appartements dans Salé, Toute la ville",55 m²,2 chambres,1 sdb,https://www.avito.ma/fr/sal%C3%A9/appartements/Appartement_%C3%A9conomique_%C3%A0_vendre_54265071.htm
Appartement 3 chambres à 2min de Casanearshore,780000,"Appartements dans Casablanca, Sidi Maarouf",70 m²,3 chambres,1 sdb,https://www.avito.ma/fr/sidi_maarouf/appartements/Appartement_3_chambres_%C3%A0_2min_de_Casanearshore_57828086.htm
Appartements à vendre – Immeuble 3 étages,1000000,"Appartements dans Tanger, Ahlane",80 m²,3 chambres,1 sdb,https://www.avito.ma/fr/ahlane/appartements/Appartements_%C3%A0_vendre___Immeuble_3_%C3%A9tages_57442342.htm
Appartement enregistré à vendre,6200000,"Appartements dans Tétouan, Al Azhar",126 m²,3 chambres,1 sdb,https://www.avito.ma/fr/al_azhar/appartements/Appartement_enregistr%C3%A9_%C3%A0_vendre_57838894.htm
Appartement neuf 98m² à vendre à salé Tabriquet,1220000,"Appartements dans Salé, Tabriquet",appartement neuf 98m² à vendre à salé tabriquet,3 chambres,2 sdbs,https://www.avito.ma/fr/tabriquet/appartements/Appartement_neuf_98m%C2%B2_%C3%A0_vendre_%C3%A0_sal%C3%A9_Tabriquet_45814550.htm
STUDIO MAGNIFIQUE À SAISIR,1350000,"Appartements dans Casablanca, Riviera",48 m²,1 chambre,1 sdb,https://www.avito.ma/fr/riviera/appartements/STUDIO_MAGNIFIQUE_%C3%80_SAISIR_56341164.htm
appartement a vendre meuble,600000,"Appartements dans Marrakech, Route de Casablanca",52 m²,2 chambres,1 sdb,https://www.avito.ma/fr/route_de_casablanca/appartements/appartement_a_vendre_meuble_57699894.htm
Bel appart RDC SUR centre ville,650000,"Appartements dans Mohammedia, Centre Ville",80 m²,2 chambres,1 sdb,https://www.avito.ma/fr/centre_ville/appartements/Bel_appart_RDC_SUR_centre_ville_55947144.htm
Appartement Valencia Beach Mansouria,840000,"Appartements dans Mohammedia, Corniche",89 m²,2 chambres,1 sdb,https://www.avito.ma/fr/corniche/appartements/Appartement_Valencia_Beach_Mansouria_57224794.htm
Appartement 86m² à vendre – Al Azdihar Marrakech,1300000,"Appartements dans Marrakech, Hay Izdihar",86 m²,2 chambres,2 sdbs,https://www.avito.ma/fr/hay_izdihar/appartements/Appartement_86m%C2%B2_%C3%A0_vendre___Al_Azdihar_Marrakech_57834491.htm
Appartement 126m² 4ème étg. terrasse à Maârif,1450000,"Appartements dans Casablanca, Val Fleuri",126 m²,2 chambres,2 sdbs,https://www.avito.ma/fr/val_fleuri/appartements/Appartement_126m%C2%B2_4%C3%A8me_%C3%A9tg__terrasse_%C3%A0_Ma%C3%A2rif_56872194.htm
Appartement à vendre à Cabo Negro,1400000,"Appartements dans Cabo Negro, Toute la ville",75 m²,1 chambre,1 sdb,https://www.avito.ma/fr/cabo_negro/appartements/Appartement_%C3%A0_vendre_%C3%A0_Cabo_Negro_57745510.htm
Appartement Neuf 84 m² à Guéliz Avec Piscine,1550000,"Appartements dans Marrakech, Guéliz",84 m²,2 chambres,2 sdbs,https://www.avito.ma/fr/gu%C3%A9liz/appartements/Appartement_Neuf_84_m%C2%B2_%C3%A0_Gu%C3%A9liz_Avec_Piscine_56259750.htm
Studio exceptionnel de 60 m² au centre Guéliz,1500000,"Appartements dans Marrakech, Guéliz",60 m²,1 chambre,1 sdb,https://www.avito.ma/fr/gu%C3%A9liz/appartements/Studio_exceptionnel_de_60_m%C2%B2_au_centre_Gu%C3%A9liz_57638403.htm
Joli appart 113m2 près de Amoud et McDonald,1300000,"Appartements dans Marrakech, Av Abdelkrim El Khattabi",113 m²,2 chambres,1 sdb,https://www.avito.ma/fr/av_abdelkrim_el_khattabi/appartements/Joli_appart_113m2_pr%C3%A8s_de_Amoud_et_McDonald_57720703.htm
Studio vue piscine à vendre 51 m² à Marrakech,1150000,"Appartements dans Marrakech, Hivernage",51 m²,1 chambre,1 sdb,https://www.avito.ma/fr/hivernage/appartements/Studio_vue_piscine_%C3%A0_vendre_51_m%C2%B2_%C3%A0_Marrakech_57774591.htm
Appartement meublé à vendre dans un quartier résidentiel à Tamassna,550000,"Appartements dans Tamesna, Toute la ville",61 m²,1 chambre,2 sdbs,https://www.avito.ma/fr/tamesna/appartements/Appartement_meubl%C3%A9_%C3%A0_vendre_dans_un_quartier_r%C3%A9sidentiel_%C3%A0_Tamassna_57140046.htm
"Appartement à vendre titré à Tanger, Al Amel",750000,"Appartements dans Tanger, Aouama Gharbia",100 m²,2 chambres,2 sdbs,https://www.avito.ma/fr/aouama_gharbia/appartements/Appartement_%C3%A0_vendre_titr%C3%A9_%C3%A0_Tanger__Al_Amel_57838851.htm
Studios Neuf 36m à 38m Quartiers Des Hôpitaux,820000,"Appartements dans Casablanca, 2 Mars",36 m²,1 chambre,1 sdb,https://www.avito.ma/fr/2_mars/appartements/Studios_Neuf_36m_%C3%A0_38m_Quartiers_Des_H%C3%B4pitaux_54451973.htm
Vente Appartement 5 pièces de 158 m2 à Casablanca,1400000,"Appartements dans Casablanca, Sidi Moumen",158 m²,3 chambres,2 sdbs,https://www.avito.ma/fr/sidi_moumen/appartements/Vente_Appartement_5_pi%C3%A8ces_de_158_m2_%C3%A0_Casablanca_57838838.htm
Penthouse avec piscine à vendre 320 m² à Tanger,7680000,"Appartements dans Tanger, Malabata",320 m²,2 chambres,1 sdb,https://www.avito.ma/fr/malabata/appartements/Penthouse_avec_piscine_%C3%A0_vendre_320_m%C2%B2_%C3%A0_Tanger_57316830.htm
Projets Appartements Haut Standing a Tanja Balia,,"Appartements dans Tanger, Tanja Balia",,2 chambres,1 sdb,https://www.avito.ma/fr/tanja_balia/appartements/Projets_Appartements_Haut_Standing_a_Tanja_Balia_57390744.htm
Appartement à vendre 94 m² à Temara Wifak,1250000,"Appartements dans Temara, Oued Eddahab",94 m²,3 chambres,1 sdb,https://www.avito.ma/fr/oued_eddahab/appartements/Appartement_%C3%A0_vendre_94_m%C2%B2_%C3%A0_Temara_Wifak_57774654.htm
Appartement 195m² à vendre à Californie Bachkou,2550000,"Appartements dans Casablanca, Californie",195 m²,3 chambres,2 sdbs,https://www.avito.ma/fr/californie/appartements/Appartement_195m%C2%B2_%C3%A0_vendre_%C3%A0_Californie_Bachkou_56762095.htm
Appartement à vendre ou à louer à Salé,,"Appartements dans Salé, Hay Chmaou",50 m²,2 chambres,2 sdbs,https://www.avito.ma/fr/hay_chmaou/appartements/Appartement_%C3%A0_vendre_ou_%C3%A0_louer_%C3%A0_Sal%C3%A9_57740103.htm
À VENDRE Bel appartement moderne 55m² à Belvédère,730000,"Appartements dans Casablanca, Belvédère",55 m²,1 chambre,1 sdb,https://www.avito.ma/fr/belv%C3%A9d%C3%A8re/appartements/%C3%80_VENDRE_Bel_appartement_moderne_55m%C2%B2_%C3%A0_Belv%C3%A9d%C3%A8re_57838866.htm
Appartement à vendre 118 m² à Tanger,1750000,"Appartements dans Tanger, Centre ville",appartement à vendre 118 m² à tanger,2 chambres,2 sdbs,https://www.avito.ma/fr/centre_ville/appartements/Appartement_%C3%A0_vendre_118_m%C2%B2_%C3%A0_Tanger_57323592.htm
Appartement à vendre à SAÏDIA 2 façades,,"Appartements dans Saidia, Toute la ville",,2 chambres,1 sdb,https://www.avito.ma/fr/saidia/appartements/Appartement_%C3%A0_vendre_%C3%A0_SA%C3%8FDIA_2_fa%C3%A7ades_41196175.htm
Appartement à vendre 130 m² à Tanger,2650000,"Appartements dans Tanger, Malabata",appartement à vendre 130 m² à tanger,3 chambres,2 sdbs,https://www.avito.ma/fr/malabata/appartements/Appartement_%C3%A0_vendre_130_m%C2%B2_%C3%A0_Tanger_57320669.htm
Investissez dans l'hyper centre Casablancais,1430000,"Appartements dans Casablanca, Centre Ville",,2 chambres,2 sdbs,https://www.avito.ma/fr/centre_ville/appartements/Investissez_dans_l_hyper_centre_Casablancais_57719953.htm
Appartement chouka à Kénitra,610000,"Appartements dans Kénitra, Ouled Oujih",80 m²,2 chambres,2 sdbs,https://www.avito.ma/fr/ouled_oujih/appartements/Appartement_chouka_%C3%A0_K%C3%A9nitra_57737886.htm
Appartement à vendre 43 m² à bourgogne,1300000,"Appartements dans Casablanca, Bourgogne",43 m²,1 chambre,1 sdb,https://www.avito.ma/fr/bourgogne/appartements/Appartement_%C3%A0_vendre_43_m%C2%B2_%C3%A0_bourgogne_57526960.htm
Appartement à vendre 97 m² à Marrakech,2330000,"Appartements dans Marrakech, Guéliz",97 m²,2 chambres,1 sdb,https://www.avito.ma/fr/gu%C3%A9liz/appartements/Appartement_%C3%A0_vendre_97_m%C2%B2_%C3%A0_Marrakech_57658733.htm
Appartement à vendre 82 m² à Kénitra,390000,"Appartements dans Kénitra, Bir Rami",82 m²,2 chambres,2 sdbs,https://www.avito.ma/fr/bir_rami/appartements/Appartement_%C3%A0_vendre_82_m%C2%B2_%C3%A0_K%C3%A9nitra_57694418.htm
"Appartement à vendre Saada, près de Marjane, route de Casa, en sous-sol",440000,"Appartements dans Marrakech, Es Saada",60 m²,2 chambres,1 sdb,https://www.avito.ma/fr/es_saada/appartements/Appartement_%C3%A0_vendre_Saada__pr%C3%A8s_de_Marjane__route_de_Casa__en_sous_sol_57202899.htm
🏡 Appartement à vendre,1900000,"Appartements dans Marrakech, Guéliz",,2 chambres,2 sdbs,https://www.avito.ma/fr/gu%C3%A9liz/appartements/___Appartement_%C3%A0_vendre_57274849.htm
Appartement à vendre avec piscine et parking,1442000,"Appartements dans Tanger, Tanja Balia",,2 chambres,2 sdbs,https://www.avito.ma/fr/tanja_balia/appartements/Appartement_%C3%A0_vendre_avec_piscine_et_parking_55906870.htm
Appartements à vendre surfaces 79/69/85,9000,"Appartements dans Salé, Sidi Abdellah",79 m²,2 chambres,2 sdbs,https://www.avito.ma/fr/sidi_abdellah/appartements/Appartements_%C3%A0_vendre_surfaces_79_69_85_57838847.htm
Studio à vendre 33m² à Palmier,970000,"Appartements dans Casablanca, Palmier",studio à vendre 33m² à palmier,1 chambre,1 sdb,https://www.avito.ma/fr/palmier/appartements/Studio_%C3%A0_vendre_33m%C2%B2_%C3%A0_Palmier_57737757.htm
Studio à vendre 65 m² Proche CFC / Cheikh Khalifa,,"Appartements dans Casablanca, Oulfa",77 m²,1 chambre,1 sdb,https://www.avito.ma/fr/oulfa/appartements/Studio_%C3%A0_vendre_65_m%C2%B2_Proche_CFC___Cheikh_Khalifa_57698934.htm
Appartement à vendre 100m² à Bourgogne Mobilia,1650000,"Appartements dans Casablanca, Bourgogne",appartement à vendre 100m² à bourgogne mobilia,2 chambres,2 sdbs,https://www.avito.ma/fr/bourgogne/appartements/Appartement_%C3%A0_vendre_100m%C2%B2_%C3%A0_Bourgogne_Mobilia_57752033.htm
Beau Studio Avec Grande Terrasse Guéliz,1650000,"Appartements dans Marrakech, Guéliz",,1 chambre,0 sdb,https://www.avito.ma/fr/gu%C3%A9liz/appartements/Beau_Studio_Avec_Grande_Terrasse_Gu%C3%A9liz_57771784.htm
Studio 43m Haut de Gamme Proche Tram,1000000,"Appartements dans Casablanca, 2 Mars",43 m²,1 chambre,1 sdb,https://www.avito.ma/fr/2_mars/appartements/Studio_43m_Haut_de_Gamme_Proche_Tram_57721374.htm
Appartement neuf et moderne sur la corniche,1700000,"Appartements dans Tanger, Malabata",100 m²,2 chambres,2 sdbs,https://www.avito.ma/fr/malabata/appartements/Appartement_neuf_et_moderne_sur_la_corniche_57703995.htm
appartement quartier oulfa,1300000,"Appartements dans Casablanca, Oulfa",144 m²,2 chambres,1 sdb,https://www.avito.ma/fr/oulfa/appartements/appartement_quartier_oulfa_57522572.htm
"Appartement 2 façades, 3ème étage, Iris",650000,"Appartements dans Oujda, Iris",75 m²,2 chambres,1 sdb,https://www.avito.ma/fr/iris/appartements/Appartement_2_fa%C3%A7ades__3%C3%A8me_%C3%A9tage__Iris_57803662.htm
Appartement à vendre à Oued Laou Mekkad,860000,"Appartements dans Oued Laou, Toute la ville",85 m²,2 chambres,1 sdb,https://www.avito.ma/fr/oued_laou/appartements/Appartement_%C3%A0_vendre_%C3%A0_Oued_Laou_Mekkad_57838840.htm
Appartement à vendre 92 m² Espace dubai à Inzegan,1012000,"Appartements dans Inzegan, Toute la ville",92 m²,3 chambres,1 sdb,https://www.avito.ma/fr/inzegan/appartements/Appartement_%C3%A0_vendre_92_m%C2%B2_Espace_dubai_%C3%A0_Inzegan_56449562.htm
Appartement Neuf À Vendre En Plein Cœur De Guéliz,1200000,"Appartements dans Marrakech, Guéliz",,1 chambre,1 sdb,https://www.avito.ma/fr/gu%C3%A9liz/appartements/Appartement_Neuf_%C3%80_Vendre_En_Plein_C_ur_De_Gu%C3%A9liz_57237204.htm
Appartement meublé à vendre Hay Azdihar,560000,"Appartements dans Marrakech, Hay Izdihar",60 m²,2 chambres,1 sdb,https://www.avito.ma/fr/hay_izdihar/appartements/Appartement_meubl%C3%A9_%C3%A0_vendre_Hay_Azdihar_57758375.htm
"Appartement à vendre près de la mer, Marina Agadir",2100000,"Appartements dans Agadir, Agadir Oufella",,2 chambres,2 sdbs,https://www.avito.ma/fr/agadir_oufella/appartements/Appartement_%C3%A0_vendre_pr%C3%A8s_de_la_mer__Marina_Agadir_57641567.htm
Appartement à vendre 75 m² à Kénitra,390000,"Appartements dans Kénitra, Bir Rami",75 m²,2 chambres,2 sdbs,https://www.avito.ma/fr/bir_rami/appartements/Appartement_%C3%A0_vendre_75_m%C2%B2_%C3%A0_K%C3%A9nitra_57694379.htm
Appartements modernes et intelligents de haute qualité,,"Appartements dans Tétouan, Centre ville",,3 chambres,2 sdbs,https://www.avito.ma/fr/centre_ville/appartements/Appartements_modernes_et_intelligents_de_haute_qualit%C3%A9_56072658.htm
Appartement à vendre 145 m² à la marina casablanca,3900000,"Appartements dans Tanger, Autre secteur",155 m²,2 chambres,3 sdbs,https://www.avito.ma/fr/autre_secteur/appartements/Appartement_%C3%A0_vendre_145_m%C2%B2_%C3%A0_la_marina_casablanca_56472283.htm
Bel Appartement à vendre de 90 m² à Tanja Balia,1260000,"Appartements dans Tanger, Tanja Balia",bel appartement à vendre de 90 m² à tanja balia,2 chambres,2 sdbs,https://www.avito.ma/fr/tanja_balia/appartements/Bel_Appartement_%C3%A0_vendre_de_90_m%C2%B2_%C3%A0_Tanja_Balia_55775583.htm
Appartement à vendre à Temara Oulad Mtaa,850000,"Appartements dans Temara, Riad Oulad Mtaa",,2 chambres,2 sdbs,https://www.avito.ma/fr/riad_oulad_mtaa/appartements/Appartement_%C3%A0_vendre_%C3%A0_Temara_Oulad_Mtaa_57489000.htm
Appartement à vendre 115 m² à Temara,1690000,"Appartements dans Temara, Oued Eddahab",115 m²,3 chambres,1 sdb,https://www.avito.ma/fr/oued_eddahab/appartements/Appartement_%C3%A0_vendre_115_m%C2%B2_%C3%A0_Temara_57774592.htm
Appartement à vendre 80 m² à Kénitra,550000,"Appartements dans Kénitra, Seyad",80 m²,2 chambres,2 sdbs,https://www.avito.ma/fr/seyad/appartements/Appartement_%C3%A0_vendre_80_m%C2%B2_%C3%A0_K%C3%A9nitra_57737998.htm
Appartement à vendre 70 m² - Hay Chrifa,900000,"Appartements dans Casablanca, Hay Chrifa",70 m²,2 chambres,1 sdb,https://www.avito.ma/fr/hay_chrifa/appartements/Appartement_%C3%A0_vendre_70_m%C2%B2___Hay_Chrifa_57736287.htm
Appartement à vendre de 120 m² à Tanja Balia,1680000,"Appartements dans Tanger, Tanja Balia",appartement à vendre de 120 m² à tanja balia,3 chambres,2 sdbs,https://www.avito.ma/fr/tanja_balia/appartements/Appartement_%C3%A0_vendre_de_120_m%C2%B2_%C3%A0_Tanja_Balia_55801320.htm
Appartement à vendre 119 m² sur 2mars,1606500,"Appartements dans Casablanca, 2 Mars",119 m²,3 chambres,1 sdb,https://www.avito.ma/fr/2_mars/appartements/Appartement_%C3%A0_vendre_119_m%C2%B2_sur_2mars_57556591.htm
Joli Appartement à vendre 117m² Hay salam,,"Appartements dans Agadir, Hay Salam",joli appartement à vendre 117m² hay salam,3 chambres,2 sdbs,https://www.avito.ma/fr/hay_salam/appartements/Joli_Appartement_%C3%A0_vendre_117m%C2%B2_Hay_salam_57634595.htm
Duplex familial - 269 m² - Ville verte,4000000,"Appartements dans Bouskoura, Ville verte",184 m²,3 chambres,3 sdbs,https://www.avito.ma/fr/ville_verte/appartements/Duplex_familial___269_m%C2%B2___Ville_verte_57176187.htm
Studio Rt Casablanca – Projet Hermes 25,760000,"Appartements dans Marrakech, Route de Casablanca",,1 chambre,1 sdb,https://www.avito.ma/fr/route_de_casablanca/appartements/Studio_Rt_Casablanca___Projet_Hermes_25_57224150.htm
À vendre – Appartement 84 m² dans la résidence فن البيت العتيق – Tanger,,"Appartements dans Tanger, Hay Hassani",84 m²,2 chambres,2 sdbs,https://www.avito.ma/fr/hay_hassani/appartements/%C3%80_vendre___Appartement_84_m%C2%B2_dans_la_r%C3%A9sidence_%D9%81%D9%86_%D8%A7%D9%84%D8%A8%D9%8A%D8%AA_%D8%A7%D9%84%D8%B9%D8%AA%D9%8A%D9%82___Tanger_57313740.htm
Appartement d’Exception au Dernier Étage,4500000,"Appartements dans Casablanca, Racine",236 m²,4 chambres,2 sdbs,https://www.avito.ma/fr/racine/appartements/Appartement_d_Exception_au_Dernier_%C3%89tage_56688438.htm
Appartement Calme et Paisible à Yassmine Bouskoura,,"Appartements dans Bouskoura, Bouskoura centre",51 m²,2 chambres,2 sdbs,https://www.avito.ma/fr/bouskoura_centre/appartements/Appartement_Calme_et_Paisible_%C3%A0_Yassmine_Bouskoura_57606481.htm
👉 Appartement 64m² à vendre à Azouzia 2 chambres et salon,450000,"Appartements dans Marrakech, Azzouzia",64 m²,2 chambres,1 sdb,https://www.avito.ma/fr/azzouzia/appartements/___Appartement_64m%C2%B2_%C3%A0_vendre_%C3%A0_Azouzia_2_chambres_et_salon_57838796.htm
Appartement à vendre Riad Oulad Mtaa Temara,2700000,"Appartements dans Rabat, Autre secteur",,3 chambres,,https://www.avito.ma/fr/autre_secteur/appartements/Appartement_%C3%A0_vendre_Riad_Oulad_Mtaa_Temara_57838786.htm
Appartement à vendre à Fès,,"Appartements dans Fès, Route Ain Chkaf",77 m²,2 chambres,1 sdb,https://www.avito.ma/fr/route_ain_chkaf/appartements/Appartement_%C3%A0_vendre_%C3%A0_F%C3%A8s_57765514.htm
2 Appartements moyen standing à vendre – Benguerir,520000,"Appartements dans Ben Guerir, Toute la ville",92 m²,2 chambres,2 sdbs,https://www.avito.ma/fr/ben_guerir/appartements/2_Appartements_moyen_standing_%C3%A0_vendre___Benguerir_56548870.htm
Appartement à vendre 48 m² à Marrakech,1212500,"Appartements dans Marrakech, Guéliz",48 m²,1 chambre,0 sdb,https://www.avito.ma/fr/gu%C3%A9liz/appartements/Appartement_%C3%A0_vendre_48_m%C2%B2_%C3%A0_Marrakech_57656650.htm
Appartement de 50m² à Vendre à Tanger,380000,"Appartements dans Tanger, Aouama Gharbia",50 m²,2 chambres,1 sdb,https://www.avito.ma/fr/aouama_gharbia/appartements/Appartement_de_50m%C2%B2_%C3%A0_Vendre_%C3%A0_Tanger_53397026.htm
Appartements neufs à vendre à Guéliz,18000,"Appartements dans Marrakech, Guéliz",61 m²,2 chambres,1 sdb,https://www.avito.ma/fr/gu%C3%A9liz/appartements/Appartements_neufs_%C3%A0_vendre_%C3%A0_Gu%C3%A9liz_57818665.htm
Appartement 117 m à Prestigia,,"Appartements dans Rabat, Hay Riad",117 m²,2 chambres,2 sdbs,https://www.avito.ma/fr/hay_riad/appartements/Appartement_117_m_%C3%A0_Prestigia_57838766.htm
Studio haut standing meublé à vendre – Mehdia,760000,"Appartements dans Kénitra, Autre secteur",56 m²,1 chambre,1 sdb,https://www.avito.ma/fr/autre_secteur/appartements/Studio_haut_standing_meubl%C3%A9_%C3%A0_vendre___Mehdia_57320245.htm
